case_id,date,court_level,language,client_type,user_query,severity_score,primary_category
PK-KHI-2025-0680,2026-03-22,Supreme Court,Urdu,Individual,I want to know the legal share of daughters in the inheritance of their late father's property under Islamic law.,6.87,Family
PK-MUX-2026-0568,2024-02-16,High Court,Urdu,Individual,What are the legal rights of a woman regarding dower (Mehr) and dowry articles (Saman-e-Harb) after divorce?,3.76,Family
PK-FSD-2023-0670,2025-12-29,District Court,English,Individual,We were assaulted and harassed by some local goons. The police are refusing to register our complaint. Can we file a petition under 22-A/22-B?,10.0,Criminal
PK-RWP-2022-1161,2025-07-21,District Court,English,Individual,How do I verify the registry and fard of a commercial property before purchasing it to avoid scams?,9.75,Property
PK-KHI-2022-0878,2024-11-13,District Court,English,Individual,I need advice on child custody and guardianship laws in Pakistan. The father is refusing to pay monthly maintenance.,5.98,Family
PK-RWP-2025-0154,2025-10-26,High Court,English,Individual,My husband has married a second time without my permission or consent from the Arbitration Council. Is this illegal?,6.35,Family
PK-FSD-2026-1006,2023-09-23,High Court,Urdu,NGO,My sister wants to file for Khula (divorce) from her husband due to cruelty and non-maintenance. What is the procedur in family cort?,7.07,Family
PK-KHI-2026-0677,2022-06-07,High Court,English,Individual,What are the legal rights of a woman regarding dower (Mehr) and dowry articles (Saman-e-Harb) after divorce?,,Family
PK-RWP-2024-0529,2024-03-25,District Court,English,Individual,I want to know the legal share of daughters in the inheritance of their late father's property under Islamic law.,4.91,Family
PK-KHI-2026-0517,2023-08-09,District Court,Urdu,Individual,I need advice on child custody and guardianship laws in Pakistan. The father is refusing to pay monthly maintenance.,4.83,Family
PK-KHI-2026-0186,2023-08-25,District Court,English,Individual,How do I verify the registry and fard of a commercial property before purchasing it to avoid scams?,7.57,Property
PK-RWP-2025-0178,2023-01-19,District Court,English,Government,My sister wants to file for Khula (divorce) from her husband due to cruelty and non-maintenance. What is the procedure in family court?,5.68,Family
PK-KHI-2023-0821,2023-01-26,High Court,Urdu,,I want to know the legal share of daughters in the inheritance of their late father's property under Islamic law.,7.69,Family
PK-RWP-2023-1079,2023-05-26,District Court,English,Individual,My relative has been arrested by police under Section 302 of PPC. How can we apply for post-arrest bail in the High Court?,9.52,Criminal
PK-LHR-2023-1084,2022-03-25,District Court,Urdu,Individual,We were assaulted and harassed by some local goons. The police are refusing to register our complaint. Can we file a petition under 22-A/22-B?,8.96,Criminal
PK-FSD-2022-0167,2024-04-21,District Court,Urdu,NGO,A false fraud case has been registered against me regarding a bounced cheque. How do I get pre-arrest bail?,10.0,Criminal
PK-ISB-2024-1182,2025-07-19,High Court,English,Corporate,A false fraud case has been registered against me regarding a bounced cheque. How do I get pre-arrest bail?,9.6,Criminal
PK-FSD-2024-0042,2023-09-18,High Court,Urdu,Individual,My relative has been arrested by police under Section 302 of PPC. How can we apply for post-arrest bail in the High Court?,8.36,Criminal
PK-LHR-2024-0171,2022-06-21,High Court,English,Corporate,I need advice on child custody and guardianship laws in Pakistan. The father is refusing to pay monthly maintenance.,5.02,Family
PK-FSD-2026-0045,2024-11-13,District Court,Urdu,Individual,We bought a plot of land in a housing society but the developer is not giving possession or registration (registry/intiqal). What should we do?,6.14,Property
PK-RWP-2024-1108,2025-07-09,District Court,English,Individual,A false fraud case has been registered against me regarding a bounced cheque. How do I get pre-arrest bail?,,Criminal
PK-RWP-2025-0987,2024-02-23,District Court,Urdu,Individual,I need to file an FIR at the police station regarding a theft/robbery that occurred at my house last night in Lahore.,9.55,Criminal
PK-MUX-2025-0614,2026-01-14,District Court,Urdu,Individual,A false fraud case has been registered against me regarding a bounced cheque. How do I get pre-arrest bail?,10.0,Criminal
PK-LHR-2026-0240,2024-07-03,District Court,English,Corporate,My sister wants to file for Khula (divorce) from her husband due to cruelty and non-maintenance. What is the procedur in family cort?,,Family
PK-ISB-2026-0163,2024-02-11,District Court,English,Individual,"I want to sublet a portion of my rented shop, but the landlord is objecting despite our oral agreement. What does the law say?",,Tenant
PK-KHI-2024-1151,2024-05-08,District Court,English,Individual,Someone stole my motorcycle from the parking area. What is the procedure to report this theft and get a police report for insurance?,5.92,Criminal
PK-LHR-2026-0644,2025-10-17,Supreme Court,English,Individual,Someone stole my motorcycle from the parking area. What is the procedure to report this theft and get a police report for insurance?,8.21,Criminal
PK-ISB-2025-0282,2022-01-26,District Court,English,Individual,My husband has married a second time without my permission or consent from the Arbitration Council. Is this illegal?,7.9,Family
PK-LHR-2024-0657,2023-03-03,High Court,English,Individual,I want to know the legal share of daughters in the inheritance of their late father's property under Islamic law.,5.97,Family
PK-RWP-2026-0582,2022-11-13,District Court,English,Individual,What are the legal rights of a woman regarding dower (Mehr) and dowry articles (Saman-e-Harb) after divorce?,6.76,Family
PK-FSD-2022-0209,2022-07-04,High Court,English,NGO,Our employer is paying us less than the government-mandated minimum wage in Punjab. Can we report this to the labor inspector?,10.0,Labor
PK-MUX-2024-0035,2023-02-21,District Court,Urdu,Individual,How do I verify the registry and fard of a commercial property before purchasing it to avoid scams?,5.53,Property
PK-FSD-2022-0580,2026-01-27,District Court,English,Individual,I need advice on child custody and guardianship laws in Pakistan. The father is refusing to pay monthly maintenance.,6.41,Family
PK-KHI-2023-0605,2025-04-04,District Court,Urdu,Corporate,What are the legal rights of a woman regarding dower (Mehr) and dowry articles (Saman-e-Harb) after divorce?,8.25,Family
PK-FSD-2024-0387,2023-01-18,District Court,English,Individual,I need advice on child custody and guardianship laws in Pakistan. The father is refusing to pay monthly maintenance.,8.25,Family
PK-RWP-2024-0309,2022-12-11,High Court,English,Individual,Someone stole my motorcycle from the parking area. What is the procedure to report this theft and get a police report for insurance?,8.26,Criminal
PK-RWP-2022-0266,2022-06-02,High Court,Urdu,Individual,"The rented house needs urgent structural repairs, but the landlord refuses to pay for maintenance. Can I deduct it from the rent?",6.96,Tenant
PK-LHR-2026-0203,2023-06-27,District Court,Urdu,Individual,I need to file an FIR at the police station regarding a theft/robbery that occurred at my house last night in Lahore.,9.76,Criminal
PK-KHI-2024-0945,2023-05-22,District Court,Urdu,Corporate,A false fraud case has been registered against me regarding a bounced cheque. How do I get pre-arrest bail?,7.22,Criminal
PK-KHI-2025-0902,2024-11-07,High Court,English,Individual,My sister wants to file for Khula (divorce) from her husband due to cruelty and non-maintenance. What is the procedure in family court?,6.03,Family
PK-KHI-2022-0418,2024-09-25,District Court,Urdu,Individual,I was terminated from my factory job without any notice or payment of dues. Where can I file a complaint for reinstatement and gratuity?,6.92,Labor
PK-KHI-2024-0654,2023-10-28,District Court,English,Individual,What are the legal rights of a woman regarding dower (Mehr) and dowry articles (Saman-e-Harb) after divorce?,9.09,Family
PK-MUX-2026-0689,2023-01-14,High Court,Urdu,,There is a dispute over the boundaries of our house with our neighbor. How can we request a legal land demarcation?,7.53,Property
PK-MUX-2026-0631,2022-06-29,District Court,Urdu,NGO,How do I verify the registry and fard of a commercial property before purchasing it to avoid scams?,8.84,Property
PK-RWP-2022-0804,2024-12-04,District Court,English,Individual,My husband has married a second time without my permission or consent from the Arbitration Council. Is this illegal?,5.48,Family
PK-RWP-2023-0097,2023-08-13,District Court,Urdu,Individual,A false fraud case has been registered against me regarding a bounced cheque. How do I get pre-arrest bail?,8.81,Criminal
PK-RWP-2023-0289,2025-10-28,High Court,English,Individual,My relative has been arrested by police under Section 302 of PPC. How can we apply for post-arrest bail in the High Court?,7.75,Criminal
PK-RWP-2025-0685,2024-08-02,High Court,Urdu,Individual,A false fraud case has been registered against me regarding a bounced cheque. How do I get pre-arrest bail?,9.36,Criminal
PK-MUX-2022-0249,2022-03-07,High Court,English,Individual,I need to file an FIR at the police station regarding a theft/robbery that occurred at my house last night in Lahore.,8.99,Criminal
PK-FSD-2023-0260,2025-02-04,District Court,English,Individual,How do I verify the registry and fard of a commercial property before purchasing it to avoid scams?,5.89,Property
PK-LHR-2023-0787,2024-01-21,District Court,Urdu,Individual,We were assaulted and harassed by some local goons. The police are refusing to register our complaint. Can we file a petition under 22-A/22-B?,9.05,Criminal
PK-ISB-2026-1097,2024-01-26,District Court,Urdu,Corporate,We were assaulted and harassed by some local goons. The police are refusing to register our complaint. Can we file a petition under 22-A/22-B?,6.1,Criminal
PK-ISB-2023-0150,2025-06-19,District Court,Urdu,Individual,I want to know the legal share of daughters in the inheritance of their late father's property under Islamic law.,6.3,Family
PK-MUX-2026-0394,2025-04-18,District Court,English,Individual,Our employer is paying us less than the government-mandated minimum wage in Punjab. Can we report this to the labor inspector?,6.92,Labor
PK-LHR-2024-0226,2024-06-24,District Court,Urdu,Individual,"I want to sublet a portion of my rented shop, but the landlord is objecting despite our oral agreement. What does the law say?",5.08,Tenant
PK-LHR-2025-0228,2023-11-08,High Court,English,Individual,I need to file an FIR at the police station regarding a theft/robbery that occurred at my house last night in Lahore.,7.64,Criminal
PK-ISB-2023-0129,2022-09-24,District Court,Urdu,Individual,My sister wants to file for Khula (divorce) from her husband due to cruelty and non-maintenance. What is the procedur in family cort?,5.4,Family
PK-KHI-2024-0811,2023-03-07,High Court,English,Individual,"Our tenancy agreement has expired, and the landlord is refusing to return our security deposit of two months.",4.47,Tenant
PK-FSD-2026-0303,2024-03-14,District Court,English,Corporate,A false fraud case has been registered against me regarding a bounced cheque. How do I get pre-arrest bail?,9.23,Criminal
PK-KHI-2022-0375,2025-12-08,High Court,English,Government,A false fraud case has been registered against me regarding a bounced cheque. How do I get pre-arrest bail?,7.58,Criminal
PK-MUX-2025-0706,2023-10-27,District Court,Urdu,Individual,I suffered an injury on the job due to lack of safety equipment. Am I entitled to compensation under the Workmen's Compensation Act?,3.96,Labor
PK-LHR-2024-0984,2025-08-24,District Court,English,Corporate,I want to know the legal share of daughters in the inheritance of their late father's property under Islamic law.,6.0,Family
PK-FSD-2024-0136,2024-07-17,District Court,Urdu,Individual,I suffered an injury on the job due to lack of safety equipment. Am I entitled to compensation under the Workmen's Compensation Act?,4.56,Labor
PK-MUX-2024-1150,2023-01-12,High Court,English,Corporate,What are the legal rights of a woman regarding dower (Mehr) and dowry articles (Saman-e-Harb) after divorce?,4.81,Family
PK-KHI-2024-0587,2024-10-25,District Court,English,Individual,I want to know the legal share of daughters in the inheritance of their late father's property under Islamic law.,4.98,Family
PK-RWP-2023-0376,2025-08-02,District Court,Urdu,Individual,We bought a plot of land in a housing society but the developer is not giving possession or registration (registry/intiqal). What should we do?,8.05,Property
PK-KHI-2023-0086,2023-06-26,District Court,English,Individual,I need to file an FIR at the police station regarding a theft/robbery that occurred at my house last night in Lahore.,9.6,Criminal
PK-KHI-2025-0915,2022-01-20,District Court,English,Individual,What are the legal rights of a woman regarding dower (Mehr) and dowry articles (Saman-e-Harb) after divorce?,6.33,Family
PK-MUX-2022-0953,2023-07-21,High Court,English,Individual,My sister wants to file for Khula (divorce) from her husband due to cruelty and non-maintenance. What is the procedure in family court?,7.73,Family
PK-RWP-2024-0279,2023-05-20,High Court,English,Individual,My relative has been arrested by police under Section 302 of PPC. How can we apply for post-arrest bail in the High Court?,8.04,Criminal
PK-FSD-2022-1031,2023-11-14,District Court,Urdu,Corporate,A relative has illegally occupied our ancestral agricultural land in Faisalabad. Can we file a suit for possession and permanent injunction?,5.0,Property
PK-LHR-2026-0431,2022-06-03,High Court,English,Individual,My relative has been arrested by police under Section 302 of PPC. How can we apply for post-arrest bail in the High Court?,6.05,Criminal
PK-LHR-2022-0598,2024-03-06,District Court,Urdu,Corporate,What are the legal rights of a woman regarding dower (Mehr) and dowry articles (Saman-e-Harb) after divorce?,,Family
PK-ISB-2024-1055,2022-10-27,High Court,English,Individual,Someone stole my motorcycle from the parking area. What is the procedure to report this theft and get a police report for insurance?,7.69,Criminal
PK-MUX-2025-1128,2024-09-04,District Court,Urdu,Corporate,My relative has been arrested by police under Section 302 of PPC. How can we apply for post-arrest bail in the High Court?,8.42,Criminal
PK-RWP-2022-0864,2022-05-11,District Court,English,Individual,A false fraud case has been registered against me regarding a bounced cheque. How do I get pre-arrest bail?,7.76,Criminal
PK-MUX-2025-0396,2025-03-17,District Court,English,Individual,My relative has been arrested by police under Section 302 of PPC. How can we apply for post-arrest bail in the High Court?,6.44,Criminal
PK-KHI-2025-0229,2025-08-30,High Court,Urdu,Individual,An online store delivered a damaged mobile phone and is refusing a refund or replacement. How do I send them a legal notice?,4.82,Consumer
PK-RWP-2026-0134,2025-01-28,High Court,English,Individual,We were assaulted and harassed by some local goons. The police are refusing to register our complaint. Can we file a petition under 22-A/22-B?,7.4,Criminal
PK-ISB-2024-0204,2024-09-16,District Court,Urdu,Individual,There is a dispute over the boundaries of our house with our neighbor. How can we request a legl land demarcation?,5.35,Property
PK-FSD-2023-0918,2025-02-04,District Court,Urdu,Individual,My husband has married a second time without my permission or consent from the Arbitration Council. Is this illegal?,5.46,Family
PK-FSD-2022-0245,2023-08-11,District Court,Urdu,Individual,Someone stole my motorcycle from the parking area. What is the procedure to report this theft and get a police report for insurance?,8.1,Criminal
PK-MUX-2022-0476,2024-12-31,District Court,Urdu,Individual,A false fraud case has been registered against me regarding a bounced cheque. How do I get pre-arrest bail?,9.19,Criminal
PK-RWP-2022-0351,2024-11-01,District Court,Urdu,Individual,Can a gift deed (Hiba) of a house to a grandson be challenged in cort by other legl heirs?,8.77,Property
PK-MUX-2023-1068,2025-01-09,High Court,Urdu,Individual,Someone stole my motorcycle from the parking area. What is the procedure to report this theft and get a police report for insurance?,7.94,Criminal
PK-RWP-2022-0177,2025-07-18,District Court,English,Individual,I want to know the legl share of daughters in the inheritance of their late father's proprty under Islamic law.,7.74,Family
PK-ISB-2025-1061,2024-12-02,High Court,Urdu,Corporate,What are the legal rights of a woman regarding dower (Mehr) and dowry articles (Saman-e-Harb) after divorce?,2.58,Family
PK-KHI-2026-0792,2023-09-06,District Court,English,Individual,We bought a plot of land in a housing society but the developer is not giving possession or registration (registry/intiqal). What should we do?,7.33,Property
PK-KHI-2024-1156,2023-03-06,Supreme Court,Urdu,Individual,We bought a plot of land in a housing society but the developer is not giving possession or registration (registry/intiqal). What should we do?,6.17,Property
PK-FSD-2026-0613,2024-09-30,District Court,Urdu,Corporate,"The rented house needs urgent structural repairs, but the landlord refuses to pay for maintenance. Can I deduct it from the rent?",3.65,Tenant
PK-MUX-2022-1026,2025-03-19,District Court,Urdu,NGO,"I want to sublet a portion of my rented shop, but the landlord is objecting despite our oral agreement. What does the law say?",5.05,Tenant
PK-KHI-2025-1032,2026-01-29,District Court,Urdu,,My relative has been arrested by police under Section 302 of PPC. How can we apply for post-arrest bail in the High Court?,8.98,Criminal
PK-LHR-2023-0005,2026-05-03,District Court,English,Individual,We bought a plot of land in a housing society but the developer is not giving possession or registration (registry/intiqal). What should we do?,6.72,Property
PK-ISB-2023-0155,2024-06-19,District Court,English,Individual,A private hospital charged us excessively and committed medical negligence during a surgery. Where do we complain?,3.14,Consumer
PK-MUX-2022-0678,2025-05-21,District Court,English,Individual,Someone stole my motorcycle from the parking area. What is the procedure to report this theft and get a police report for insurance?,9.62,Criminal
PK-KHI-2024-0742,2024-07-07,District Court,English,Individual,I purchased a refrigerator which stopped working within 3 days. The dealer is refusing to honor the warranty. Can I file a claim in Consumer Court?,3.25,Consumer
PK-RWP-2022-0528,2024-09-14,District Court,English,Corporate,Can a gift deed (Hiba) of a house to a grandson be challenged in court by other legal heirs?,7.31,Property
PK-FSD-2022-0619,2023-01-02,District Court,Urdu,Corporate,I want to know the legl share of daughters in the inheritance of their late father's proprty under Islamic law.,6.27,Family
PK-FSD-2024-0749,2024-03-01,District Court,English,Individual,There is a dispute over the boundaries of our house with our neighbor. How can we request a legal land demarcation?,5.31,Property
PK-KHI-2023-0966,2023-02-26,District Court,Urdu,Individual,I need advice on child custody and guardianship laws in Pakistan. The father is refusing to pay monthly maintenance.,5.19,Family
PK-FSD-2024-0085,2025-04-20,Supreme Court,English,Individual,My husband has married a second time without my permission or consent from the Arbitration Council. Is this illegal?,5.4,Family
PK-RWP-2026-0628,2025-02-25,District Court,English,Individual,We bought a plot of land in a housing society but the developer is not giving possession or registration (registry/intiqal). What should we do?,7.07,Property
PK-RWP-2024-0951,2024-05-22,District Court,English,Individual,I want to know the legal share of daughters in the inheritance of their late father's property under Islamic law.,6.42,Family
PK-MUX-2024-0072,2025-06-15,High Court,English,Individual,There is a dispute over the boundaries of our house with our neighbor. How can we request a legal land demarcation?,6.96,Property
PK-FSD-2022-0478,2024-08-28,District Court,English,Individual,My husband has married a second time without my permission or consent from the Arbitration Council. Is this illegal?,9.69,Family
PK-FSD-2024-1115,2022-10-24,District Court,Urdu,Individual,Someone stole my motorcycle from the parking area. What is the procedure to report this theft and get a police report for insurance?,,Criminal
PK-RWP-2023-0463,2026-05-09,High Court,English,Individual,My sister wants to file for Khula (divorce) from her husband due to cruelty and non-maintenance. What is the procedure in family court?,6.26,Family
PK-LHR-2023-1022,2023-10-31,High Court,Urdu,Individual,A private hospital charged us excessively and committed medical negligence during a surgery. Where do we complain?,59.55,Consumer
PK-KHI-2022-0919,2022-09-18,District Court,English,Individual,A false fraud case has been registered against me regarding a bounced cheque. How do I get pre-arrest bail?,8.73,Criminal
PK-MUX-2023-0018,2025-12-31,District Court,Urdu,Individual,There is a dispute over the boundaries of our house with our neighbor. How can we request a legal land demarcation?,5.91,Property
PK-RWP-2025-1120,2023-05-12,District Court,English,,I need to file an FIR at the police station regarding a theft/robbery that occurred at my house last night in Lahore.,,Criminal
PK-ISB-2024-0013,2022-08-17,District Court,English,Individual,What are the legal rights of a woman regarding dower (Mehr) and dowry articles (Saman-e-Harb) after divorce?,3.7,Family
PK-ISB-2024-0627,2022-06-29,District Court,English,Individual,I suffered an injury on the job due to lack of safety equipment. Am I entitled to compensation under the Workmen's Compensation Act?,5.35,Labor
PK-MUX-2026-1069,2024-03-17,District Court,English,NGO,A false fraud case has been registered against me regarding a bounced cheque. How do I get pre-arrest bail?,8.92,Criminal
PK-FSD-2022-0709,2022-01-14,District Court,Urdu,Individual,A false fraud case has been registered against me regarding a bounced cheque. How do I get pre-arrest bail?,10.0,Criminal
PK-MUX-2024-0319,2022-05-10,High Court,English,NGO,I need advice on child custody and guardianship laws in Pakistan. The father is refusing to pay monthly maintenance.,5.84,Family
PK-MUX-2025-1015,2024-02-15,District Court,Urdu,Corporate,My landlord is trying to evict me forcefully without giving the 3-month notice period written in our tenancy agreement.,5.24,Tenant
PK-LHR-2024-0156,2024-08-03,District Court,English,Corporate,My sister wants to file for Khula (divorce) from her husband due to cruelty and non-maintenance. What is the procedure in family court?,8.24,Family
PK-MUX-2026-0547,2022-12-29,District Court,English,Individual,A false fraud case has been registered against me regarding a bounced cheque. How do I get pre-arrest bail?,8.26,Criminal
PK-RWP-2026-0567,2022-11-25,District Court,English,Individual,We were assaulted and harassed by some local goons. The police are refusing to register our complaint. Can we file a petition under 22-A/22-B?,7.29,Criminal
PK-KHI-2026-0456,2025-01-16,District Court,English,Individual,How do I verify the registry and fard of a commercial property before purchasing it to avoid scams?,6.87,Property
PK-ISB-2023-0067,2025-05-25,District Court,Urdu,Individual,My relative has been arrested by police under Section 302 of PPC. How can we apply for post-arrest bail in the High Court?,9.7,Criminal
PK-MUX-2024-0525,2022-06-05,District Court,English,Individual,My relative has been arrested by police under Section 302 of PPC. How can we apply for post-arrest bail in the High Court?,6.33,Criminal
PK-KHI-2024-0941,2022-07-27,District Court,Urdu,Individual,I need to file an FIR at the police station regarding a theft/robbery that occurred at my house last night in Lahore.,9.55,Criminal
PK-MUX-2022-0920,2025-11-20,District Court,Urdu,Individual,Someone stole my motorcycle from the parking area. What is the procedur to report this theft and get a police report for insurance?,9.79,Criminal
PK-LHR-2022-0326,2022-07-31,District Court,Urdu,Individual,My relative has been arrested by police under Section 302 of PPC. How can we apply for post-arrest bail in the High Court?,9.89,Criminal
PK-RWP-2023-0838,2023-03-09,High Court,Urdu,Individual,I purchased a refrigerator which stopped working within 3 days. The dealer is refusing to honor the warranty. Can I file a claim in Consumer Court?,,Consumer
PK-KHI-2023-0603,2023-12-01,High Court,Urdu,Individual,"The rented house needs urgent structural repairs, but the landlord refuses to pay for maintenance. Can I deduct it from the rent?",6.63,Tenant
PK-MUX-2023-0069,2022-07-28,District Court,English,Individual,We bought a plot of land in a housing society but the developer is not giving possession or registration (registry/intiqal). What should we do?,6.23,Property
PK-LHR-2023-0704,2025-07-19,District Court,English,Individual,There is a dispute over the boundaries of our house with our neighbor. How can we request a legal land demarcation?,5.13,Property
PK-RWP-2024-0348,2025-07-26,High Court,Urdu,NGO,I need to file an FIR at the police station regarding a theft/robbery that occurred at my house last night in Lahore.,7.64,Criminal
PK-LHR-2023-0801,2022-11-23,District Court,English,Individual,What are the legal rights of a woman regarding dower (Mehr) and dowry articles (Saman-e-Harb) after divorce?,5.38,Family
PK-MUX-2024-1002,2025-11-27,District Court,English,Individual,I need advice on child custody and guardianship laws in Pakistan. The father is refusing to pay monthly maintenance.,6.07,Family
PK-MUX-2025-1193,2023-04-09,District Court,English,Corporate,A private hospital charged us excessively and committed medical negligence during a surgery. Where do we complain?,4.38,Consumer
PK-KHI-2023-0863,2025-02-14,District Court,English,Corporate,What are the legal rights of a woman regarding dower (Mehr) and dowry articles (Saman-e-Harb) after divorce?,8.16,Family
PK-RWP-2026-0138,2025-02-24,District Court,English,Individual,I want to know the legal share of daughters in the inheritance of their late father's property under Islamic law.,6.98,Family
PK-MUX-2022-0367,2026-04-14,Supreme Court,English,Corporate,There is a dispute over the boundaries of our house with our neighbor. How can we request a legal land demarcation?,,Property
PK-ISB-2026-0098,2022-01-29,District Court,English,Government,We bought a plot of land in a housing society but the developer is not giving possession or registration (registry/intiqal). What should we do?,7.01,Property
PK-MUX-2023-0620,2026-01-11,High Court,English,Individual,We were assaulted and harassed by some local goons. The police are refusing to register our complaint. Can we file a petition under 22-A/22-B?,7.55,Criminal
PK-FSD-2026-0807,2024-02-07,District Court,English,Individual,I want to know the legal share of daughters in the inheritance of their late father's property under Islamic law.,5.43,Family
PK-MUX-2024-0318,2024-07-20,Supreme Court,English,Individual,We bought a plot of land in a housing society but the developer is not giving possession or registration (registry/intiqal). What should we do?,7.39,Property
PK-KHI-2022-0717,2023-05-01,High Court,Urdu,Individual,My relative has been arrested by police under Section 302 of PPC. How can we apply for post-arrest bail in the High Court?,8.68,Criminal
PK-FSD-2023-0206,2026-04-07,District Court,English,Individual,The company is refusing to pay maternity leave benefits to a female employee. What legl actions can we take?,6.12,Labor
PK-LHR-2023-0221,2024-11-28,District Court,English,Individual,Can a gift deed (Hiba) of a house to a grandson be challenged in court by other legal heirs?,4.76,Property
PK-KHI-2023-0103,2025-03-17,District Court,Urdu,Individual,We were assaulted and harassed by some local goons. The police are refusing to register our complaint. Can we file a petition under 22-A/22-B?,7.54,Criminal
PK-MUX-2024-0546,2023-10-29,High Court,English,Corporate,We were assaulted and harassed by some local goons. The police are refusing to register our complaint. Can we file a petition under 22-A/22-B?,9.19,Criminal
PK-KHI-2025-0440,2023-12-10,District Court,Urdu,Individual,Can a gift deed (Hiba) of a house to a grandson be challenged in court by other legal heirs?,7.46,Property
PK-LHR-2023-0448,2024-10-05,District Court,Urdu,Individual,We bought a plot of land in a housing society but the developer is not giving possession or registration (registry/intiqal). What should we do?,6.38,Property
PK-ISB-2026-0196,2025-03-18,District Court,Urdu,Individual,My husband has married a second time without my permission or consent from the Arbitration Council. Is this illegal?,4.94,Family
PK-ISB-2025-0965,2024-03-11,District Court,English,Individual,Someone stole my motorcycle from the parking area. What is the procedure to report this theft and get a police report for insurance?,10.0,Criminal
PK-FSD-2026-0384,2025-01-30,High Court,English,Individual,Someone stole my motorcycle from the parking area. What is the procedur to report this theft and get a police report for insurance?,7.59,Criminal
PK-KHI-2025-0840,2026-05-16,District Court,Urdu,NGO,Our employer is paying us less than the government-mandated minimum wage in Punjab. Can we report this to the labor inspector?,5.44,Labor
PK-KHI-2026-0579,2025-01-22,District Court,Urdu,NGO,We were assaulted and harassed by some local goons. The police are refusing to register our complaint. Can we file a petition under 22-A/22-B?,9.87,Criminal
PK-ISB-2024-1197,2026-05-02,High Court,English,Individual,What are the legal rights of a woman regarding dower (Mehr) and dowry articles (Saman-e-Harb) after divorce?,6.66,Family
PK-LHR-2025-0307,2022-10-07,District Court,English,Individual,The company is refusing to pay maternity leave benefits to a female employee. What legal actions can we take?,4.79,Labor
PK-MUX-2026-0452,2022-12-22,High Court,English,Individual,"I want to sublet a portion of my rented shop, but the landlord is objecting despite our oral agreement. What does the law say?",3.82,Tenant
PK-MUX-2022-0694,2022-03-19,District Court,English,Individual,I want to know the legal share of daughters in the inheritance of their late father's property under Islamic law.,6.71,Family
PK-KHI-2022-0963,2025-10-14,District Court,English,Individual,Someone stole my motorcycle from the parking area. What is the procedur to report this theft and get a police report for insurance?,9.35,Criminal
PK-LHR-2023-1131,2023-07-06,District Court,English,Individual,There is a dispute over the boundaries of our house with our neighbor. How can we request a legl land demarcation?,7.51,Property
PK-MUX-2024-0252,2023-05-01,District Court,English,Individual,I need advice on child custody and guardianship laws in Pakistan. The father is refusing to pay monthly maintenance.,8.55,Family
PK-ISB-2025-0969,2023-12-12,High Court,Urdu,Individual,Can a gift deed (Hiba) of a house to a grandson be challenged in court by other legal heirs?,5.28,Property
PK-LHR-2024-0068,2025-03-25,District Court,Urdu,Individual,My relative has been arrested by police under Section 302 of PPC. How can we apply for post-arrest bail in the High Court?,8.93,Criminal
PK-MUX-2025-1017,2024-11-20,District Court,English,Government,How do I verify the registry and fard of a commercial proprty before purchasing it to avoid scams?,6.42,Property
PK-FSD-2025-0278,2023-04-13,District Court,Urdu,Individual,A false fraud case has been registered against me regarding a bounced cheque. How do I get pre-arrest bail?,8.58,Criminal
PK-FSD-2024-0693,2022-07-31,District Court,English,Individual,There is a dispute over the boundaries of our house with our neighbor. How can we request a legl land demarcation?,7.74,Property
PK-MUX-2023-0833,2022-09-11,District Court,English,Individual,My relative has been arrested by police under Section 302 of PPC. How can we apply for post-arrest bail in the High Court?,7.58,Criminal
PK-MUX-2022-0927,2022-09-19,District Court,Urdu,Individual,My husband has married a second time without my permission or consent from the Arbitration Council. Is this illegal?,6.45,Family
PK-RWP-2024-0548,2023-12-13,District Court,English,Individual,How do I verify the registry and fard of a commercial property before purchasing it to avoid scams?,7.45,Property
PK-KHI-2023-0698,2025-02-09,District Court,English,Individual,Someone stole my motorcycle from the parking area. What is the procedure to report this theft and get a police report for insurance?,9.61,Criminal
PK-KHI-2023-0316,2022-10-27,High Court,Urdu,Individual,Someone stole my motorcycle from the parking area. What is the procedure to report this theft and get a police report for insurance?,9.32,Criminal
PK-LHR-2023-0472,2026-05-03,District Court,English,Individual,My relative has been arrested by police under Section 302 of PPC. How can we apply for post-arrest bail in the High Court?,6.68,Criminal
PK-RWP-2026-0141,2022-02-23,District Court,Urdu,Individual,I was terminated from my factory job without any notice or payment of dues. Where can I file a complaint for reinstatement and gratuity?,106.05,Labor
PK-KHI-2025-0797,2023-07-03,High Court,English,Individual,I want to know the legal share of daughters in the inheritance of their late father's property under Islamic law.,6.82,Family
PK-MUX-2022-0616,2025-02-16,District Court,Urdu,NGO,I need advice on child custody and guardianship laws in Pakistan. The father is refusing to pay monthly maintenance.,6.13,Family
PK-MUX-2022-1045,2023-01-06,High Court,Urdu,Individual,Someone stole my motorcycle from the parking area. What is the procedure to report this theft and get a police report for insurance?,9.56,Criminal
PK-KHI-2025-0120,2025-02-15,District Court,Urdu,Individual,A false fraud case has been registered against me regarding a bounced cheque. How do I get pre-arrest bail?,9.45,Criminal
PK-RWP-2025-0722,2024-08-05,District Court,Urdu,Individual,An online store delivered a damaged mobile phone and is refusing a refund or replacement. How do I send them a legal notice?,2.38,Consumer
PK-KHI-2025-0172,2023-12-17,High Court,English,Individual,We were assaulted and harassed by some local goons. The police are refusing to register our complaint. Can we file a petition under 22-A/22-B?,8.41,Criminal
PK-RWP-2023-0299,2025-02-04,District Court,English,NGO,A relative has illegally occupied our ancestral agricultural land in Faisalabad. Can we file a suit for possession and permanent injunction?,7.76,Property
PK-RWP-2023-0721,2025-03-29,Supreme Court,Urdu,Individual,Can a gift deed (Hiba) of a house to a grandson be challenged in court by other legal heirs?,4.95,Property
PK-KHI-2026-1046,2023-02-27,District Court,English,Individual,I need to file an FIR at the police station regarding a theft/robbery that occurred at my house last night in Lahore.,9.28,Criminal
PK-ISB-2024-0095,2022-08-26,Supreme Court,English,Individual,I need to file an FIR at the police station regarding a theft/robbery that occurred at my house last night in Lahore.,6.74,Criminal
PK-LHR-2024-0310,2026-05-07,District Court,Urdu,Individual,I need to file an FIR at the police station regarding a theft/robbery that occurred at my house last night in Lahore.,8.24,Criminal
PK-LHR-2026-0428,2026-01-12,District Court,English,Individual,Someone stole my motorcycle from the parking area. What is the procedure to report this theft and get a police report for insurance?,9.77,Criminal
PK-MUX-2026-1020,2022-03-07,District Court,Urdu,Individual,Can a gift deed (Hiba) of a house to a grandson be challenged in court by other legal heirs?,7.63,Property
PK-LHR-2022-0188,2025-10-06,District Court,English,Corporate,My relative has been arrested by police under Section 302 of PPC. How can we apply for post-arrest bail in the High Court?,7.48,Criminal
PK-FSD-2023-0666,2023-01-21,District Court,Urdu,Individual,There is a dispute over the boundaries of our house with our neighbor. How can we request a legal land demarcation?,6.69,Property
PK-MUX-2025-0651,2025-06-16,District Court,English,Individual,Can a gift deed (Hiba) of a house to a grandson be challenged in cort by other legl heirs?,8.35,Property
PK-KHI-2025-0952,2023-04-24,District Court,English,Corporate,What are the legal rights of a woman regarding dower (Mehr) and dowry articles (Saman-e-Harb) after divorce?,4.5,Family
PK-LHR-2024-0161,2022-07-13,District Court,English,Individual,Can a gift deed (Hiba) of a house to a grandson be challenged in court by other legal heirs?,7.94,Property
PK-LHR-2023-0922,2022-04-07,District Court,English,Individual,My sister wants to file for Khula (divorce) from her husband due to cruelty and non-maintenance. What is the procedure in family court?,6.16,Family
PK-ISB-2025-0788,2023-12-21,District Court,English,Individual,What are the legal rights of a woman regarding dower (Mehr) and dowry articles (Saman-e-Harb) after divorce?,5.92,Family
PK-FSD-2023-0871,2022-10-10,High Court,English,Individual,There is a dispute over the boundaries of our house with our neighbor. How can we request a legal land demarcation?,6.04,Property
PK-ISB-2024-0630,2024-12-15,District Court,English,Individual,We bought a plot of land in a housing society but the developer is not giving possession or registration (registry/intiqal). What should we do?,4.97,Property
PK-MUX-2022-0697,2024-01-19,District Court,Urdu,Individual,There is a dispute over the boundaries of our house with our neighbor. How can we request a legal land demarcation?,5.5,Property
PK-RWP-2023-0502,2025-04-08,High Court,English,Individual,I suffered an injury on the job due to lack of safety equipment. Am I entitled to compensation under the Workmen's Compensation Act?,3.82,Labor
PK-RWP-2022-1172,2022-08-16,District Court,English,Individual,How do I verify the registry and fard of a commercial property before purchasing it to avoid scams?,,Property
PK-MUX-2026-0917,2023-03-05,District Court,Urdu,Individual,My landlord is trying to evict me forcefully without giving the 3-month notice period written in our tenancy agreement.,5.22,Tenant
PK-LHR-2026-0707,2022-12-22,District Court,English,Individual,There is a dispute over the boundaries of our house with our neighbor. How can we request a legal land demarcation?,9.11,Property
PK-FSD-2024-1168,2025-02-06,District Court,English,Individual,My sister wants to file for Khula (divorce) from her husband due to cruelty and non-maintenance. What is the procedure in family court?,6.71,Family
PK-LHR-2023-0600,2023-02-12,District Court,English,NGO,My sister wants to file for Khula (divorce) from her husband due to cruelty and non-maintenance. What is the procedur in family cort?,6.91,Family
PK-FSD-2022-1145,2022-06-25,District Court,English,NGO,"The rented house needs urgent structural repairs, but the landlord refuses to pay for maintenance. Can I deduct it from the rent?",5.02,Tenant
PK-ISB-2025-0210,2025-05-08,High Court,Urdu,Individual,A false fraud case has been registered against me regarding a bounced cheque. How do I get pre-arrest bail?,9.19,Criminal
PK-FSD-2025-1163,2022-01-16,High Court,Urdu,Individual,"Our tenancy agreement has expired, and the landlord is refusing to return our security deposit of two months.",3.03,Tenant
PK-RWP-2022-1130,2022-05-14,District Court,English,Corporate,My relative has been arrested by police under Section 302 of PPC. How can we apply for post-arrest bail in the High Court?,8.89,Criminal
PK-MUX-2024-0031,2024-07-25,District Court,Urdu,,I want to know the legal share of daughters in the inheritance of their late father's property under Islamic law.,8.22,Family
PK-KHI-2022-0780,2022-07-23,High Court,Urdu,Individual,I need to file an FIR at the police station regarding a theft/robbery that occurred at my house last night in Lahore.,8.71,Criminal
PK-LHR-2023-0772,2023-12-28,Supreme Court,English,Individual,There is a dispute over the boundaries of our house with our neighbor. How can we request a legl land demarcation?,7.76,Property
PK-ISB-2024-0541,2025-12-25,District Court,Urdu,Individual,Someone stole my motorcycle from the parking area. What is the procedure to report this theft and get a police report for insurance?,7.14,Criminal
PK-RWP-2022-0015,2025-05-11,District Court,English,NGO,We were assaulted and harassed by some local goons. The police are refusing to register our complaint. Can we file a petition under 22-A/22-B?,7.83,Criminal
PK-MUX-2022-0765,2023-04-01,District Court,Urdu,Individual,We were assaulted and harassed by some local goons. The police are refusing to register our complaint. Can we file a petition under 22-A/22-B?,,Criminal
PK-KHI-2026-0586,2022-01-24,District Court,Urdu,Individual,Is it legl for a private company to hold an employee's original academic degrees as security?,4.95,Labor
PK-KHI-2022-0668,2022-10-09,District Court,English,Individual,The airline lost my luggage during a domestic flight and is offering very low compensation. Can I sue them in consumer court?,15.0,Consumer
PK-KHI-2024-0975,2025-10-04,High Court,English,Individual,A false fraud case has been registered against me regarding a bounced cheque. How do I get pre-arrest bail?,6.23,Criminal
PK-LHR-2022-0594,2026-02-23,District Court,Urdu,NGO,How do I verify the registry and fard of a commercial proprty before purchasing it to avoid scams?,8.25,Property
PK-RWP-2026-0314,2022-12-11,District Court,Urdu,Individual,What are the legal rights of a woman regarding dower (Mehr) and dowry articles (Saman-e-Harb) after divorce?,7.57,Family
PK-FSD-2022-1104,2026-01-23,District Court,Urdu,Corporate,"I want to sublet a portion of my rented shop, but the landlord is objecting despite our oral agreement. What does the law say?",6.33,Tenant
PK-MUX-2023-0306,2025-02-10,District Court,English,Individual,I want to know the legal share of daughters in the inheritance of their late father's property under Islamic law.,7.53,Family
PK-RWP-2023-0336,2022-11-15,District Court,English,Individual,I need to file an FIR at the police station regarding a theft/robbery that occurred at my house last night in Lahore.,7.51,Criminal
PK-KHI-2022-0084,2025-02-16,High Court,Urdu,Individual,My relative has been arrested by police under Section 302 of PPC. How can we apply for post-arrest bail in the High Court?,7.53,Criminal
PK-MUX-2023-0558,2024-02-28,High Court,English,Individual,I need to file an FIR at the police station regarding a theft/robbery that occurred at my house last night in Lahore.,8.97,Criminal
PK-KHI-2022-0427,2023-09-09,District Court,English,Individual,Can a gift deed (Hiba) of a house to a grandson be challenged in court by other legal heirs?,,Property
PK-RWP-2025-0906,2022-03-27,District Court,English,Corporate,A private hospital charged us excessively and committed medical negligence during a surgery. Where do we complain?,2.37,Consumer
PK-RWP-2025-1166,2022-04-16,High Court,English,Individual,I want to know the legal share of daughters in the inheritance of their late father's property under Islamic law.,7.66,Family
PK-FSD-2022-0182,2023-08-24,District Court,Urdu,Corporate,We were assaulted and harassed by some local goons. The police are refusing to register our complaint. Can we file a petition under 22-A/22-B?,7.21,Criminal
PK-RWP-2023-0491,2026-03-31,District Court,English,Individual,Is it legal for a private company to hold an employee's original academic degrees as security?,7.28,Labor
PK-LHR-2024-0043,2023-12-21,District Court,English,Government,A false fraud case has been registered against me regarding a bounced cheque. How do I get pre-arrest bail?,,Criminal
PK-ISB-2023-1007,2023-07-05,High Court,Urdu,Individual,What are the legl rights of a woman regarding dower (Mehr) and dowry articles (Saman-e-Harb) after divorce?,6.76,Family
PK-FSD-2024-0263,2022-11-09,District Court,English,Individual,I need advice on child custody and guardianship laws in Pakistan. The father is refusing to pay monthly maintenance.,4.77,Family
PK-ISB-2024-0641,2025-12-24,District Court,English,Individual,My relative has been arrested by police under Section 302 of PPC. How can we apply for post-arrest bail in the High Court?,10.0,Criminal
PK-RWP-2022-0250,2024-07-03,District Court,Urdu,Individual,I need to file an FIR at the police station regarding a theft/robbery that occurred at my house last night in Lahore.,6.99,Criminal
PK-ISB-2025-0356,2024-11-17,District Court,English,Corporate,A relative has illeglly occupied our ancestral agricultural land in Faisalabad. Can we file a suit for possession and permanent injunction?,6.98,Property
PK-LHR-2024-0184,2024-06-13,High Court,Urdu,Corporate,Someone stole my motorcycle from the parking area. What is the procedure to report this theft and get a police report for insurance?,8.23,Criminal
PK-RWP-2026-0936,2023-11-19,District Court,English,Individual,Someone stole my motorcycle from the parking area. What is the procedure to report this theft and get a police report for insurance?,7.27,Criminal
PK-KHI-2024-0119,2024-09-13,Supreme Court,English,Corporate,My landlord is trying to evict me forcefully without giving the 3-month notice period written in our tenancy agreement.,5.9,Tenant
PK-KHI-2023-0524,2023-10-09,District Court,English,Individual,What are the legal rights of a woman regarding dower (Mehr) and dowry articles (Saman-e-Harb) after divorce?,5.08,Family
PK-LHR-2025-0458,2022-10-25,District Court,English,Individual,I need advice on child custody and guardianship laws in Pakistan. The father is refusing to pay monthly maintenance.,5.34,Family
PK-MUX-2022-0569,2025-09-10,Supreme Court,Urdu,Individual,Someone stole my motorcycle from the parking area. What is the procedure to report this theft and get a police report for insurance?,8.08,Criminal
PK-ISB-2023-1029,2024-10-20,District Court,English,Individual,I need to file an FIR at the police station regarding a theft/robbery that occurred at my house last night in Lahore.,7.27,Criminal
PK-FSD-2024-0894,2025-08-15,District Court,English,Individual,"Our tenancy agreement has expired, and the landlord is refusing to return our security deposit of two months.",6.66,Tenant
PK-ISB-2023-0044,2025-04-04,Supreme Court,English,Individual,Someone stole my motorcycle from the parking area. What is the procedure to report this theft and get a police report for insurance?,,Criminal
PK-FSD-2026-0332,2022-05-26,District Court,Urdu,Government,We were assaulted and harassed by some local goons. The police are refusing to register our complaint. Can we file a petition under 22-A/22-B?,,Criminal
PK-ISB-2024-0617,2024-08-02,District Court,English,Corporate,My husband has married a second time without my permission or consent from the Arbitration Council. Is this illegal?,6.87,Family
PK-RWP-2023-1186,2022-07-30,District Court,Urdu,NGO,We bought a plot of land in a housing society but the developer is not giving possession or registration (registry/intiqal). What should we do?,5.82,Property
PK-RWP-2026-0876,2025-06-20,District Court,Urdu,Corporate,Someone stole my motorcycle from the parking area. What is the procedure to report this theft and get a police report for insurance?,7.88,Criminal
PK-LHR-2023-0904,2026-04-12,District Court,Urdu,Individual,I want to know the legal share of daughters in the inheritance of their late father's property under Islamic law.,6.23,Family
PK-MUX-2024-0486,2024-09-09,District Court,English,Individual,My husband has married a second time without my permission or consent from the Arbitration Council. Is this illegl?,5.22,Family
PK-KHI-2024-0637,2023-11-24,High Court,English,Individual,I was terminated from my factory job without any notice or payment of dues. Where can I file a complaint for reinstatement and gratuity?,5.59,Labor
PK-RWP-2024-1098,2023-10-27,Supreme Court,Urdu,Individual,What are the legal rights of a woman regarding dower (Mehr) and dowry articles (Saman-e-Harb) after divorce?,7.1,Family
PK-ISB-2024-1047,2025-01-19,District Court,Urdu,Individual,My relative has been arrested by police under Section 302 of PPC. How can we apply for post-arrest bail in the High Court?,6.61,Criminal
PK-FSD-2025-0198,2025-10-24,District Court,English,Corporate,Can a gift deed (Hiba) of a house to a grandson be challenged in court by other legal heirs?,7.07,Property
PK-MUX-2025-0145,2024-09-21,District Court,English,Individual,A false fraud case has been registered against me regarding a bounced cheque. How do I get pre-arrest bail?,9.44,Criminal
PK-FSD-2022-0701,2022-03-17,District Court,English,Individual,The company is refusing to pay maternity leave benefits to a female employee. What legl actions can we take?,6.76,Labor
PK-MUX-2026-0621,2025-06-07,High Court,English,Individual,A relative has illegally occupied our ancestral agricultural land in Faisalabad. Can we file a suit for possession and permanent injunction?,7.57,Property
PK-ISB-2026-0741,2022-09-17,District Court,English,Individual,I need to file an FIR at the police station regarding a theft/robbery that occurred at my house last night in Lahore.,6.96,Criminal
PK-MUX-2024-1087,2023-03-07,District Court,English,Individual,My husband has married a second time without my permission or consent from the Arbitration Council. Is this illegl?,6.29,Family
PK-ISB-2023-0820,2025-03-07,District Court,Urdu,Individual,Someone stole my motorcycle from the parking area. What is the procedure to report this theft and get a police report for insurance?,,Criminal
PK-LHR-2022-0280,2022-01-11,High Court,English,Individual,I need to file an FIR at the police station regarding a theft/robbery that occurred at my house last night in Lahore.,8.64,Criminal
PK-MUX-2026-0542,2024-12-02,Supreme Court,English,Individual,My landlord is trying to evict me forcefully without giving the 3-month notice period written in our tenancy agreement.,5.64,Tenant
PK-ISB-2026-0304,2025-04-23,District Court,English,Individual,How do I verify the registry and fard of a commercial proprty before purchasing it to avoid scams?,6.97,Property
PK-RWP-2025-0754,2023-04-05,District Court,English,Individual,Someone stole my motorcycle from the parking area. What is the procedur to report this theft and get a police report for insurance?,7.36,Criminal
PK-KHI-2026-0761,2023-07-31,District Court,English,Individual,My relative has been arrested by police under Section 302 of PPC. How can we apply for post-arrest bail in the High Court?,8.65,Criminal
PK-MUX-2025-0457,2025-10-12,High Court,Urdu,Individual,I want to know the legal share of daughters in the inheritance of their late father's property under Islamic law.,71.4,Family
PK-MUX-2023-0200,2023-12-10,High Court,English,Individual,I need to file an FIR at the police station regarding a theft/robbery that occurred at my house last night in Lahore.,8.93,Criminal
PK-FSD-2025-0996,2022-12-10,District Court,English,Individual,"I ordered custom furniture, but it was delivered with poor quality wood and wrong dimensions. Can I claim damages?",6.16,Consumer
PK-RWP-2024-0681,2022-04-22,District Court,Urdu,Individual,My relative has been arrested by police under Section 302 of PPC. How can we apply for post-arrest bail in the High Court?,7.15,Criminal
PK-LHR-2022-1138,2022-10-20,High Court,English,Corporate,I purchased a refrigerator which stopped working within 3 days. The dealer is refusing to honor the warranty. Can I file a claim in Consumer Court?,4.72,Consumer
PK-FSD-2023-0050,2025-09-11,District Court,English,Individual,We were assaulted and harassed by some local goons. The police are refusing to register our complaint. Can we file a petition under 22-A/22-B?,8.89,Criminal
PK-ISB-2023-0739,2023-06-17,District Court,English,Individual,My sister wants to file for Khula (divorce) from her husband due to cruelty and non-maintenance. What is the procedur in family cort?,7.22,Family
PK-ISB-2024-0890,2023-03-18,District Court,Urdu,Individual,"I want to sublet a portion of my rented shop, but the landlord is objecting despite our oral agreement. What does the law say?",5.98,Tenant
PK-RWP-2024-0512,2026-05-05,High Court,Urdu,Corporate,I purchased a refrigerator which stopped working within 3 days. The dealer is refusing to honor the warranty. Can I file a claim in Consumer Court?,3.71,Consumer
PK-KHI-2022-0251,2022-10-14,District Court,English,Corporate,A false fraud case has been registered against me regarding a bounced cheque. How do I get pre-arrest bail?,9.6,Criminal
PK-LHR-2023-0991,2026-02-09,District Court,English,Individual,My relative has been arrested by police under Section 302 of PPC. How can we apply for post-arrest bail in the High Court?,6.05,Criminal
PK-KHI-2022-1119,2022-05-03,High Court,English,Corporate,I need advice on child custody and guardianship laws in Pakistan. The father is refusing to pay monthly maintenance.,7.26,Family
PK-LHR-2025-0726,2025-10-02,District Court,Urdu,,The airline lost my luggage during a domestic flight and is offering very low compensation. Can I sue them in consumer cort?,4.02,Consumer
PK-ISB-2026-1014,2024-05-29,District Court,Urdu,Individual,What are the legal rights of a woman regarding dower (Mehr) and dowry articles (Saman-e-Harb) after divorce?,8.08,Family
PK-LHR-2025-0903,2022-03-01,District Court,English,Corporate,What are the legal rights of a woman regarding dower (Mehr) and dowry articles (Saman-e-Harb) after divorce?,7.53,Family
PK-MUX-2024-0646,2022-02-16,District Court,English,Corporate,We were assaulted and harassed by some local goons. The police are refusing to register our complaint. Can we file a petition under 22-A/22-B?,5.26,Criminal
PK-KHI-2025-0381,2022-11-26,High Court,English,Corporate,I need to file an FIR at the police station regarding a theft/robbery that occurred at my house last night in Lahore.,7.78,Criminal
PK-RWP-2024-1090,2024-01-20,District Court,Urdu,Corporate,I was terminated from my factory job without any notice or payment of dues. Where can I file a complaint for reinstatement and gratuity?,5.41,Labor
PK-LHR-2026-0362,2025-06-22,District Court,Urdu,Individual,Is it legal for a private company to hold an employee's original academic degrees as security?,,Labor
PK-KHI-2022-0565,2025-11-12,District Court,Urdu,Individual,My sister wants to file for Khula (divorce) from her husband due to cruelty and non-maintenance. What is the procedure in family court?,5.51,Family
PK-FSD-2024-0507,2025-04-21,High Court,Urdu,Corporate,Is it legl for a private company to hold an employee's original academic degrees as security?,4.46,Labor
PK-RWP-2022-0244,2022-04-03,District Court,Urdu,Individual,We bought a plot of land in a housing society but the developer is not giving possession or registration (registry/intiqal). What should we do?,5.56,Property
PK-LHR-2024-1113,2024-10-19,District Court,Urdu,Corporate,I need to file an FIR at the police station regarding a theft/robbery that occurred at my house last night in Lahore.,9.09,Criminal
PK-MUX-2022-0109,2024-06-27,District Court,English,Individual,We were assaulted and harassed by some local goons. The police are refusing to register our complaint. Can we file a petition under 22-A/22-B?,,Criminal
PK-FSD-2022-0585,2026-05-17,District Court,Urdu,Individual,The company is refusing to pay maternity leave benefits to a female employee. What legal actions can we take?,5.8,Labor
PK-ISB-2023-0373,2022-11-19,High Court,English,Individual,Someone stole my motorcycle from the parking area. What is the procedure to report this theft and get a police report for insurance?,9.65,Criminal
PK-LHR-2026-0663,2022-01-17,District Court,English,Corporate,"Our tenancy agreement has expired, and the landlord is refusing to return our security deposit of two months.",4.35,Tenant
PK-MUX-2025-0009,2024-03-21,High Court,Urdu,Individual,My relative has been arrested by police under Section 302 of PPC. How can we apply for post-arrest bail in the High Court?,9.15,Criminal
PK-MUX-2024-0861,2024-08-25,High Court,Urdu,Individual,How do I verify the registry and fard of a commercial property before purchasing it to avoid scams?,5.18,Property
PK-RWP-2023-0421,2022-02-06,District Court,Urdu,Individual,I suffered an injury on the job due to lack of safety equipment. Am I entitled to compensation under the Workmen's Compensation Act?,7.61,Labor
PK-LHR-2026-0157,2025-05-01,District Court,English,,I purchased a refrigerator which stopped working within 3 days. The dealer is refusing to honor the warranty. Can I file a claim in Consumer Court?,4.57,Consumer
PK-KHI-2023-0147,2026-04-15,District Court,English,Individual,Someone stole my motorcycle from the parking area. What is the procedure to report this theft and get a police report for insurance?,6.92,Criminal
PK-FSD-2026-1006,2023-09-23,High Court,Urdu,NGO,My sister wants to file for Khula (divorce) from her husband due to cruelty and non-maintenance. What is the procedur in family cort?,7.07,Family
PK-ISB-2023-0065,2025-08-24,District Court,Urdu,Individual,My sister wants to file for Khula (divorce) from her husband due to cruelty and non-maintenance. What is the procedure in family court?,7.63,Family
PK-RWP-2023-0190,2025-10-22,District Court,English,Individual,My sister wants to file for Khula (divorce) from her husband due to cruelty and non-maintenance. What is the procedure in family court?,5.46,Family
PK-LHR-2026-0243,2024-08-04,District Court,English,Individual,What are the legal rights of a woman regarding dower (Mehr) and dowry articles (Saman-e-Harb) after divorce?,,Family
PK-FSD-2023-1073,2025-01-03,High Court,English,Individual,Someone stole my motorcycle from the parking area. What is the procedure to report this theft and get a police report for insurance?,6.96,Criminal
PK-ISB-2025-0553,2023-01-21,High Court,English,Individual,There is a dispute over the boundaries of our house with our neighbor. How can we request a legal land demarcation?,7.31,Property
PK-MUX-2023-0007,2022-12-01,District Court,English,NGO,A false fraud case has been registered against me regarding a bounced cheque. How do I get pre-arrest bail?,9.42,Criminal
PK-MUX-2022-0112,2024-08-10,High Court,Urdu,Individual,I want to know the legal share of daughters in the inheritance of their late father's property under Islamic law.,6.07,Family
PK-ISB-2024-1142,2022-06-20,District Court,English,Individual,I was terminated from my factory job without any notice or payment of dues. Where can I file a complaint for reinstatement and gratuity?,5.32,Labor
PK-FSD-2025-0131,2026-05-13,District Court,English,Individual,A relative has illegally occupied our ancestral agricultural land in Faisalabad. Can we file a suit for possession and permanent injunction?,7.08,Property
PK-FSD-2024-0294,2024-05-31,District Court,English,Individual,Can a gift deed (Hiba) of a house to a grandson be challenged in court by other legal heirs?,7.43,Property
PK-LHR-2025-0824,2022-09-30,High Court,Urdu,Individual,I need advice on child custody and guardianship laws in Pakistan. The father is refusing to pay monthly maintenance.,5.47,Family
PK-RWP-2024-0164,2022-02-07,District Court,English,Individual,There is a dispute over the boundaries of our house with our neighbor. How can we request a legal land demarcation?,8.16,Property
PK-KHI-2024-0995,2023-08-08,District Court,Urdu,Individual,Someone stole my motorcycle from the parking area. What is the procedur to report this theft and get a police report for insurance?,8.16,Criminal
PK-ISB-2022-0543,2023-03-08,District Court,English,Individual,Someone stole my motorcycle from the parking area. What is the procedure to report this theft and get a police report for insurance?,10.0,Criminal
PK-MUX-2025-0392,2023-02-18,Supreme Court,Urdu,Corporate,What are the legal rights of a woman regarding dower (Mehr) and dowry articles (Saman-e-Harb) after divorce?,4.42,Family
PK-LHR-2025-0235,2025-10-02,District Court,Urdu,Individual,I need advice on child custody and guardianship laws in Pakistan. The father is refusing to pay monthly maintenance.,6.76,Family
PK-KHI-2026-0305,2024-03-06,District Court,English,Individual,I need advice on child custody and guardianship laws in Pakistan. The father is refusing to pay monthly maintenance.,6.14,Family
PK-RWP-2023-0700,2024-09-28,District Court,Urdu,Individual,There is a dispute over the boundaries of our house with our neighbor. How can we request a legal land demarcation?,6.37,Property
PK-MUX-2023-0679,2024-09-20,District Court,English,Individual,I need to file an FIR at the police station regarding a theft/robbery that occurred at my house last night in Lahore.,10.0,Criminal
PK-KHI-2025-0511,2025-02-04,High Court,English,Individual,Can a gift deed (Hiba) of a house to a grandson be challenged in court by other legal heirs?,6.94,Property
PK-KHI-2025-1127,2025-06-21,District Court,English,Corporate,A false fraud case has been registered against me regarding a bounced cheque. How do I get pre-arrest bail?,7.59,Criminal
PK-MUX-2026-0124,2024-05-08,District Court,Urdu,Corporate,My sister wants to file for Khula (divorce) from her husband due to cruelty and non-maintenance. What is the procedure in family court?,6.7,Family
PK-KHI-2024-0662,2023-09-06,District Court,Urdu,Individual,I want to know the legal share of daughters in the inheritance of their late father's property under Islamic law.,5.96,Family
PK-FSD-2024-0591,2025-11-03,High Court,English,Individual,Someone stole my motorcycle from the parking area. What is the procedure to report this theft and get a police report for insurance?,7.93,Criminal
PK-MUX-2025-0499,2022-02-15,District Court,English,Individual,I need advice on child custody and guardianship laws in Pakistan. The father is refusing to pay monthly maintenance.,4.34,Family
PK-FSD-2023-0937,2022-01-08,District Court,Urdu,Individual,"The landlord is demanding a 30% rent increase, which is higher than the legally allowed limit in the Rent Restriction Act.",5.85,Tenant
PK-LHR-2022-0176,2023-05-04,District Court,Urdu,Individual,I need to file an FIR at the police station regarding a theft/robbery that occurred at my house last night in Lahore.,8.52,Criminal
PK-FSD-2023-0976,2024-08-22,High Court,Urdu,Individual,We bought a plot of land in a housing society but the developer is not giving possession or registration (registry/intiqal). What should we do?,6.46,Property
PK-LHR-2024-0870,2024-02-02,High Court,English,Individual,I need advice on child custody and guardianship laws in Pakistan. The father is refusing to pay monthly maintenance.,5.79,Family
PK-FSD-2024-0090,2025-12-04,District Court,English,Individual,I want to know the legl share of daughters in the inheritance of their late father's proprty under Islamic law.,6.12,Family
PK-FSD-2023-0925,2023-11-29,High Court,Urdu,Individual,My relative has been arrested by police under Section 302 of PPC. How can we apply for post-arrest bail in the High Court?,6.67,Criminal
PK-FSD-2022-0057,2026-01-01,District Court,English,Individual,A false fraud case has been registered against me regarding a bounced cheque. How do I get pre-arrest bail?,8.13,Criminal
PK-KHI-2023-0040,2022-12-29,High Court,English,Individual,"Our tenancy agreement has expired, and the landlord is refusing to return our security deposit of two months.",5.89,Tenant
PK-LHR-2026-1177,2024-11-14,High Court,English,Individual,My relative has been arrested by police under Section 302 of PPC. How can we apply for post-arrest bail in the High Court?,8.38,Criminal
PK-FSD-2026-0292,2022-03-17,High Court,English,Corporate,Is it legal for a private company to hold an employee's original academic degrees as security?,4.79,Labor
PK-LHR-2023-0267,2022-01-19,District Court,English,Individual,Can a gift deed (Hiba) of a house to a grandson be challenged in court by other legal heirs?,5.28,Property
PK-ISB-2026-0437,2022-03-01,High Court,Urdu,Individual,I need advice on child custody and guardianship laws in Pakistan. The father is refusing to pay monthly maintenance.,4.34,Family
PK-LHR-2024-0595,2024-07-10,District Court,English,Individual,A relative has illegally occupied our ancestral agricultural land in Faisalabad. Can we file a suit for possession and permanent injunction?,6.39,Property
PK-ISB-2025-1140,2023-06-09,High Court,English,NGO,We bought a plot of land in a housing society but the developer is not giving possession or registration (registry/intiqal). What should we do?,6.64,Property
PK-RWP-2025-0944,2025-07-26,District Court,English,Individual,I need advice on child custody and guardianship laws in Pakistan. The father is refusing to pay monthly maintenance.,8.22,Family
PK-ISB-2022-0734,2023-01-21,High Court,English,Individual,I need advice on child custody and guardianship laws in Pakistan. The father is refusing to pay monthly maintenance.,7.23,Family
PK-KHI-2026-0130,2023-10-26,District Court,English,Individual,I want to know the legal share of daughters in the inheritance of their late father's property under Islamic law.,4.14,Family
PK-ISB-2025-0110,2022-10-26,District Court,English,,My relative has been arrested by police under Section 302 of PPC. How can we apply for post-arrest bail in the High Court?,6.2,Criminal
PK-KHI-2022-0610,2024-01-06,District Court,Urdu,Individual,My husband has married a second time without my permission or consent from the Arbitration Council. Is this illegal?,6.79,Family
PK-KHI-2025-0033,2025-01-17,High Court,Urdu,Government,My husband has married a second time without my permission or consent from the Arbitration Council. Is this illegl?,4.73,Family
PK-KHI-2024-1139,2022-11-27,District Court,English,Individual,My sister wants to file for Khula (divorce) from her husband due to cruelty and non-maintenance. What is the procedure in family court?,6.84,Family
PK-LHR-2024-1018,2025-10-20,District Court,Urdu,Individual,My husband has married a second time without my permission or consent from the Arbitration Council. Is this illegal?,5.62,Family
PK-FSD-2025-0624,2024-10-18,District Court,English,Corporate,My relative has been arrested by police under Section 302 of PPC. How can we apply for post-arrest bail in the High Court?,10.0,Criminal
PK-ISB-2026-0208,2026-01-16,District Court,Urdu,Individual,"I want to sublet a portion of my rented shop, but the landlord is objecting despite our oral agreement. What does the law say?",5.62,Tenant
PK-FSD-2026-0114,2024-01-06,District Court,Urdu,Individual,Someone stole my motorcycle from the parking area. What is the procedure to report this theft and get a police report for insurance?,8.27,Criminal
PK-LHR-2025-0674,2024-07-18,District Court,English,Individual,I want to know the legal share of daughters in the inheritance of their late father's property under Islamic law.,4.31,Family
PK-ISB-2026-0566,2025-11-28,District Court,English,Individual,What are the legal rights of a woman regarding dower (Mehr) and dowry articles (Saman-e-Harb) after divorce?,3.55,Family
PK-KHI-2023-0352,2023-08-21,District Court,English,Corporate,How do I verify the registry and fard of a commercial property before purchasing it to avoid scams?,8.03,Property
PK-KHI-2023-0417,2023-02-15,District Court,Urdu,Corporate,I want to know the legl share of daughters in the inheritance of their late father's proprty under Islamic law.,6.14,Family
PK-RWP-2024-0212,2022-05-31,District Court,English,Individual,A false fraud case has been registered against me regarding a bounced cheque. How do I get pre-arrest bail?,9.64,Criminal
PK-FSD-2025-0052,2025-07-13,District Court,Urdu,Individual,There is a dispute over the boundaries of our house with our neighbor. How can we request a legal land demarcation?,6.19,Property
PK-RWP-2026-1027,2023-01-24,High Court,Urdu,Individual,We were assaulted and harassed by some local goons. The police are refusing to register our complaint. Can we file a petition under 22-A/22-B?,8.64,Criminal
PK-KHI-2022-0993,2025-07-23,Supreme Court,Urdu,Individual,My relative has been arrested by police under Section 302 of PPC. How can we apply for post-arrest bail in the High Court?,7.68,Criminal
PK-ISB-2025-1062,2026-04-28,District Court,English,Individual,My relative has been arrested by police under Section 302 of PPC. How can we apply for post-arrest bail in the High Court?,9.88,Criminal
PK-MUX-2023-0041,2023-07-01,District Court,Urdu,Individual,My sister wants to file for Khula (divorce) from her husband due to cruelty and non-maintenance. What is the procedure in family court?,6.21,Family
PK-KHI-2025-0300,2024-03-21,District Court,Urdu,Individual,Can a gift deed (Hiba) of a house to a grandson be challenged in court by other legal heirs?,6.01,Property
PK-KHI-2022-0388,2022-06-25,District Court,Urdu,Individual,My husband has married a second time without my permission or consent from the Arbitration Council. Is this illegal?,7.14,Family
PK-FSD-2026-1162,2024-02-20,District Court,Urdu,NGO,We were assaulted and harassed by some local goons. The police are refusing to register our complaint. Can we file a petition under 22-A/22-B?,6.83,Criminal
PK-RWP-2023-1064,2024-09-09,District Court,Urdu,Individual,My husband has married a second time without my permission or consent from the Arbitration Council. Is this illegal?,5.57,Family
PK-RWP-2024-0647,2026-05-02,District Court,English,Individual,We were assaulted and harassed by some local goons. The police are refusing to register our complaint. Can we file a petition under 22-A/22-B?,8.43,Criminal
PK-ISB-2024-0409,2025-11-02,District Court,English,Government,What are the legal rights of a woman regarding dower (Mehr) and dowry articles (Saman-e-Harb) after divorce?,6.62,Family
PK-FSD-2025-0261,2022-07-21,High Court,Urdu,Individual,What are the legal rights of a woman regarding dower (Mehr) and dowry articles (Saman-e-Harb) after divorce?,5.93,Family
PK-MUX-2026-0702,2024-07-27,High Court,Urdu,Individual,Is it legal for a private company to hold an employee's original academic degrees as security?,4.65,Labor
PK-ISB-2025-1148,2024-08-27,District Court,English,Individual,Someone stole my motorcycle from the parking area. What is the procedure to report this theft and get a police report for insurance?,10.0,Criminal
PK-KHI-2022-0497,2024-11-19,District Court,English,Individual,What are the legal rights of a woman regarding dower (Mehr) and dowry articles (Saman-e-Harb) after divorce?,5.77,Family
PK-KHI-2022-0571,2023-02-18,District Court,English,Individual,"The rented house needs urgent structural repairs, but the landlord refuses to pay for maintenance. Can I deduct it from the rent?",7.01,Tenant
PK-FSD-2025-0169,2026-04-25,District Court,English,Individual,"The landlord is demanding a 30% rent increase, which is higher than the legally allowed limit in the Rent Restriction Act.",4.1,Tenant
PK-LHR-2022-0406,2024-08-28,High Court,Urdu,Individual,My sister wants to file for Khula (divorce) from her husband due to cruelty and non-maintenance. What is the procedure in family court?,4.72,Family
PK-FSD-2024-0748,2025-05-20,District Court,Urdu,Corporate,What are the legal rights of a woman regarding dower (Mehr) and dowry articles (Saman-e-Harb) after divorce?,5.27,Family
PK-LHR-2022-0943,2022-10-23,High Court,English,Individual,Is it legal for a private company to hold an employee's original academic degrees as security?,5.38,Labor
PK-LHR-2024-0274,2025-01-17,District Court,English,NGO,We were assaulted and harassed by some local goons. The police are refusing to register our complaint. Can we file a petition under 22-A/22-B?,7.32,Criminal
PK-KHI-2022-0372,2024-12-13,High Court,Urdu,Individual,I want to know the legal share of daughters in the inheritance of their late father's property under Islamic law.,7.74,Family
PK-RWP-2026-0879,2023-06-14,District Court,Urdu,Individual,Is it legl for a private company to hold an employee's original academic degrees as security?,6.93,Labor
PK-ISB-2025-0317,2024-02-08,District Court,Urdu,Corporate,My sister wants to file for Khula (divorce) from her husband due to cruelty and non-maintenance. What is the procedure in family court?,5.63,Family
PK-LHR-2022-1160,2022-08-01,District Court,English,NGO,We bought a plot of land in a housing society but the developer is not giving possession or registration (registry/intiqal). What should we do?,4.0,Property
PK-FSD-2025-1000,2024-03-19,Supreme Court,English,Individual,My husband has married a second time without my permission or consent from the Arbitration Council. Is this illegl?,7.68,Family
PK-LHR-2024-0988,2023-04-30,High Court,Urdu,Individual,We bought a plot of land in a housing society but the developer is not giving possession or registration (registry/intiqal). What should we do?,,Property
PK-ISB-2023-1060,2025-10-20,District Court,Urdu,Individual,How do I verify the registry and fard of a commercial property before purchasing it to avoid scams?,7.93,Property
PK-RWP-2026-0929,2022-01-22,District Court,English,Individual,A false fraud case has been registered against me regarding a bounced cheque. How do I get pre-arrest bail?,8.42,Criminal
PK-MUX-2025-0599,2023-04-19,Supreme Court,English,Individual,We were assaulted and harassed by some local goons. The police are refusing to register our complaint. Can we file a petition under 22-A/22-B?,8.95,Criminal
PK-FSD-2022-0291,2024-07-08,Supreme Court,English,Individual,Can a gift deed (Hiba) of a house to a grandson be challenged in court by other legal heirs?,6.41,Property
PK-LHR-2025-0907,2023-07-14,District Court,Urdu,Individual,We were assaulted and harassed by some local goons. The police are refusing to register our complaint. Can we file a petition under 22-A/22-B?,9.4,Criminal
PK-RWP-2026-1183,2023-12-23,District Court,English,Corporate,I want to know the legal share of daughters in the inheritance of their late father's property under Islamic law.,4.12,Family
PK-RWP-2022-0724,2024-05-21,District Court,English,Individual,My sister wants to file for Khula (divorce) from her husband due to cruelty and non-maintenance. What is the procedure in family court?,6.21,Family
PK-MUX-2025-0048,2025-10-19,High Court,English,Individual,Someone stole my motorcycle from the parking area. What is the procedure to report this theft and get a police report for insurance?,8.91,Criminal
PK-LHR-2023-1149,2022-05-22,District Court,English,Corporate,There is a dispute over the boundaries of our house with our neighbor. How can we request a legal land demarcation?,5.98,Property
PK-ISB-2025-0399,2026-05-05,High Court,English,Individual,I need to file an FIR at the police station regarding a theft/robbery that occurred at my house last night in Lahore.,9.99,Criminal
PK-LHR-2022-0768,2022-09-11,High Court,English,Corporate,My relative has been arrested by police under Section 302 of PPC. How can we apply for post-arrest bail in the High Court?,7.75,Criminal
PK-LHR-2025-1085,2023-01-14,District Court,English,Individual,My landlord is trying to evict me forcefully without giving the 3-month notice period written in our tenancy agreement.,5.52,Tenant
PK-MUX-2023-0561,2022-08-20,District Court,English,Individual,I suffered an injury on the job due to lack of safety equipment. Am I entitled to compensation under the Workmen's Compensation Act?,7.99,Labor
PK-LHR-2025-0345,2022-05-22,High Court,Urdu,,I suffered an injury on the job due to lack of safety equipment. Am I entitled to compensation under the Workmen's Compensation Act?,5.78,Labor
PK-MUX-2025-0785,2025-09-13,District Court,English,Individual,A false fraud case has been registered against me regarding a bounced cheque. How do I get pre-arrest bail?,9.8,Criminal
PK-ISB-2026-0429,2023-02-18,District Court,English,Individual,A false fraud case has been registered against me regarding a bounced cheque. How do I get pre-arrest bail?,6.39,Criminal
PK-LHR-2026-0985,2025-03-11,District Court,Urdu,Individual,I want to know the legal share of daughters in the inheritance of their late father's property under Islamic law.,4.61,Family
PK-FSD-2025-0246,2024-02-09,District Court,Urdu,Corporate,Our employer is paying us less than the government-mandated minimum wage in Punjab. Can we report this to the labor inspector?,4.93,Labor
PK-MUX-2024-0738,2024-09-22,District Court,Urdu,Corporate,Someone stole my motorcycle from the parking area. What is the procedure to report this theft and get a police report for insurance?,10.0,Criminal
PK-ISB-2025-0774,2022-08-25,District Court,English,Individual,Someone stole my motorcycle from the parking area. What is the procedure to report this theft and get a police report for insurance?,9.25,Criminal
PK-KHI-2025-0102,2025-01-08,District Court,English,Individual,There is a dispute over the boundaries of our house with our neighbor. How can we request a legal land demarcation?,6.59,Property
PK-MUX-2025-0308,2024-09-27,District Court,English,Individual,I need advice on child custody and guardianship laws in Pakistan. The father is refusing to pay monthly maintenance.,6.66,Family
PK-ISB-2025-0684,2025-06-04,High Court,Urdu,Individual,What are the legal rights of a woman regarding dower (Mehr) and dowry articles (Saman-e-Harb) after divorce?,4.53,Family
PK-FSD-2022-0004,2025-02-04,District Court,Urdu,Corporate,What are the legal rights of a woman regarding dower (Mehr) and dowry articles (Saman-e-Harb) after divorce?,5.72,Family
PK-ISB-2025-0828,2022-09-28,District Court,Urdu,Individual,What are the legl rights of a woman regarding dower (Mehr) and dowry articles (Saman-e-Harb) after divorce?,5.5,Family
PK-KHI-2023-0301,2023-07-25,High Court,Urdu,,I need to file an FIR at the police station regarding a theft/robbery that occurred at my house last night in Lahore.,7.83,Criminal
PK-RWP-2022-0597,2023-06-08,District Court,English,Individual,"I want to sublet a portion of my rented shop, but the landlord is objecting despite our oral agreement. What does the law say?",3.83,Tenant
PK-MUX-2022-0921,2023-10-24,District Court,Urdu,Individual,My husband has married a second time without my permission or consent from the Arbitration Council. Is this illegal?,4.77,Family
PK-MUX-2022-0298,2022-02-16,High Court,Urdu,Individual,My relative has been arrested by police under Section 302 of PPC. How can we apply for post-arrest bail in the High Court?,9.48,Criminal
PK-LHR-2022-0715,2026-02-25,District Court,English,Individual,We bought a plot of land in a housing society but the developer is not giving possession or registration (registry/intiqal). What should we do?,8.32,Property
PK-LHR-2026-0273,2022-03-29,District Court,Urdu,Individual,Is it legal for a private company to hold an employee's original academic degrees as security?,5.51,Labor
PK-LHR-2026-0711,2023-01-04,High Court,Urdu,Individual,How do I verify the registry and fard of a commercial property before purchasing it to avoid scams?,6.88,Property
PK-MUX-2022-0315,2022-10-05,Supreme Court,Urdu,Corporate,What are the legal rights of a woman regarding dower (Mehr) and dowry articles (Saman-e-Harb) after divorce?,6.03,Family
PK-RWP-2026-0536,2022-04-08,District Court,Urdu,Individual,We were assaulted and harassed by some local goons. The police are refusing to register our complaint. Can we file a petition under 22-A/22-B?,7.47,Criminal
PK-LHR-2025-0449,2023-03-18,District Court,Urdu,Individual,I need to file an FIR at the police station regarding a theft/robbery that occurred at my house last night in Lahore.,7.23,Criminal
PK-LHR-2023-0108,2025-07-16,District Court,English,Individual,I need to file an FIR at the police station regarding a theft/robbery that occurred at my house last night in Lahore.,8.81,Criminal
PK-LHR-2026-0327,2025-02-27,District Court,Urdu,Individual,A relative has illegally occupied our ancestral agricultural land in Faisalabad. Can we file a suit for possession and permanent injunction?,7.95,Property
PK-ISB-2022-1146,2023-10-12,District Court,Urdu,Individual,Someone stole my motorcycle from the parking area. What is the procedur to report this theft and get a police report for insurance?,7.18,Criminal
PK-ISB-2023-0980,2023-02-14,District Court,English,,"Our tenancy agreement has expired, and the landlord is refusing to return our security deposit of two months.",5.94,Tenant
PK-RWP-2023-0463,2026-05-09,High Court,English,Individual,My sister wants to file for Khula (divorce) from her husband due to cruelty and non-maintenance. What is the procedure in family court?,6.26,Family
PK-LHR-2022-1063,2026-03-03,District Court,Urdu,Corporate,I need to file an FIR at the police station regarding a theft/robbery that occurred at my house last night in Lahore.,6.41,Criminal
PK-RWP-2025-0313,2022-12-06,District Court,Urdu,Corporate,I was terminated from my factory job without any notice or payment of dues. Where can I file a complaint for reinstatement and gratuity?,6.48,Labor
PK-FSD-2025-0444,2022-03-15,District Court,English,Individual,A false fraud case has been registered against me regarding a bounced cheque. How do I get pre-arrest bail?,6.93,Criminal
PK-LHR-2026-0066,2022-11-09,District Court,English,Individual,My relative has been arrested by police under Section 302 of PPC. How can we apply for post-arrest bail in the High Court?,8.41,Criminal
PK-ISB-2023-0175,2022-11-03,District Court,Urdu,Individual,I need to file an FIR at the police station regarding a theft/robbery that occurred at my house last night in Lahore.,9.49,Criminal
PK-LHR-2023-1175,2025-09-12,District Court,Urdu,Individual,We were assaulted and harassed by some local goons. The police are refusing to register our complaint. Can we file a petition under 22-A/22-B?,8.16,Criminal
PK-FSD-2026-0055,2026-01-13,High Court,English,Corporate,There is a dispute over the boundaries of our house with our neighbor. How can we request a legal land demarcation?,8.12,Property
PK-RWP-2022-0725,2025-11-20,High Court,Urdu,Individual,We were assaulted and harassed by some local goons. The police are refusing to register our complaint. Can we file a petition under 22-A/22-B?,8.28,Criminal
PK-RWP-2026-0028,2022-11-19,District Court,English,Corporate,My sister wants to file for Khula (divorce) from her husband due to cruelty and non-maintenance. What is the procedure in family court?,5.28,Family
PK-KHI-2023-0753,2023-01-16,High Court,English,Individual,How do I verify the registry and fard of a commercial property before purchasing it to avoid scams?,8.26,Property
PK-RWP-2023-0166,2025-05-08,District Court,English,Corporate,A false fraud case has been registered against me regarding a bounced cheque. How do I get pre-arrest bail?,9.49,Criminal
PK-FSD-2025-0453,2025-06-01,High Court,Urdu,Individual,We were assaulted and harassed by some local goons. The police are refusing to register our complaint. Can we file a petition under 22-A/22-B?,9.1,Criminal
PK-KHI-2026-0817,2023-11-02,High Court,English,Individual,My relative has been arrested by police under Section 302 of PPC. How can we apply for post-arrest bail in the High Court?,9.57,Criminal
PK-KHI-2025-0275,2022-06-07,District Court,English,Individual,Someone stole my motorcycle from the parking area. What is the procedure to report this theft and get a police report for insurance?,9.05,Criminal
PK-MUX-2022-1030,2023-07-15,Supreme Court,Urdu,Individual,My relative has been arrested by police under Section 302 of PPC. How can we apply for post-arrest bail in the High Court?,8.19,Criminal
PK-LHR-2024-0645,2022-04-01,District Court,English,Individual,I want to know the legal share of daughters in the inheritance of their late father's property under Islamic law.,5.67,Family
PK-MUX-2024-0344,2023-07-10,High Court,English,Individual,My sister wants to file for Khula (divorce) from her husband due to cruelty and non-maintenance. What is the procedure in family court?,,Family
PK-LHR-2022-0705,2022-08-22,District Court,Urdu,Individual,Our employer is paying us less than the government-mandated minimum wage in Punjab. Can we report this to the labor inspector?,6.23,Labor
PK-RWP-2023-0285,2024-07-26,District Court,English,NGO,What are the legal rights of a woman regarding dower (Mehr) and dowry articles (Saman-e-Harb) after divorce?,3.66,Family
PK-LHR-2025-0054,2022-10-01,High Court,Urdu,Government,My husband has married a second time without my permission or consent from the Arbitration Council. Is this illegal?,7.24,Family
PK-MUX-2022-0117,2023-09-25,High Court,English,Individual,"The landlord is demanding a 30% rent increase, which is higher than the leglly allowed limit in the Rent Restriction Act.",3.6,Tenant
PK-FSD-2026-0328,2025-11-07,District Court,English,Corporate,My relative has been arrested by police under Section 302 of PPC. How can we apply for post-arrest bail in the High Court?,9.25,Criminal
PK-RWP-2023-0021,2026-01-21,High Court,English,Individual,I want to know the legal share of daughters in the inheritance of their late father's property under Islamic law.,5.73,Family
PK-ISB-2024-0982,2025-02-25,District Court,Urdu,NGO,I want to know the legal share of daughters in the inheritance of their late father's property under Islamic law.,4.84,Family
PK-LHR-2022-0123,2023-09-16,Supreme Court,English,Individual,A false fraud case has been registered against me regarding a bounced cheque. How do I get pre-arrest bail?,6.82,Criminal
PK-MUX-2023-0732,2023-10-19,District Court,English,Individual,How do I verify the registry and fard of a commercial proprty before purchasing it to avoid scams?,7.49,Property
PK-LHR-2026-0257,2026-01-23,High Court,English,Individual,Is it legal for a private company to hold an employee's original academic degrees as security?,4.65,Labor
PK-MUX-2023-1059,2025-09-08,District Court,English,Individual,We bought a plot of land in a housing society but the developer is not giving possession or registration (registry/intiqal). What should we do?,6.56,Property
PK-KHI-2025-0743,2023-10-18,District Court,Urdu,Individual,My husband has married a second time without my permission or consent from the Arbitration Council. Is this illegal?,6.03,Family
PK-ISB-2026-0010,2024-05-27,High Court,English,Individual,I need advice on child custody and guardianship laws in Pakistan. The father is refusing to pay monthly maintenance.,5.44,Family
PK-FSD-2025-0633,2023-01-04,High Court,English,Individual,A relative has illeglly occupied our ancestral agricultural land in Faisalabad. Can we file a suit for possession and permanent injunction?,6.49,Property
PK-MUX-2022-0560,2026-03-06,High Court,English,Individual,We were assaulted and harassed by some local goons. The police are refusing to register our complaint. Can we file a petition under 22-A/22-B?,8.85,Criminal
PK-FSD-2026-0239,2024-08-22,High Court,Urdu,Corporate,A relative has illegally occupied our ancestral agricultural land in Faisalabad. Can we file a suit for possession and permanent injunction?,8.02,Property
PK-LHR-2025-0036,2023-07-21,District Court,English,Individual,I suffered an injury on the job due to lack of safety equipment. Am I entitled to compensation under the Workmen's Compensation Act?,5.75,Labor
PK-RWP-2023-0162,2023-12-18,District Court,Urdu,Individual,My relative has been arrested by police under Section 302 of PPC. How can we apply for post-arrest bail in the High Court?,9.89,Criminal
PK-LHR-2022-0395,2025-02-26,High Court,Urdu,Corporate,What are the legal rights of a woman regarding dower (Mehr) and dowry articles (Saman-e-Harb) after divorce?,5.44,Family
PK-KHI-2023-0368,2023-04-30,District Court,Urdu,Individual,Is it legl for a private company to hold an employee's original academic degrees as security?,5.62,Labor
PK-ISB-2024-0320,2025-01-25,District Court,English,Individual,We were assaulted and harassed by some local goons. The police are refusing to register our complaint. Can we file a petition under 22-A/22-B?,8.62,Criminal
PK-ISB-2024-0270,2024-03-23,District Court,Urdu,Individual,My relative has been arrested by police under Section 302 of PPC. How can we apply for post-arrest bail in the High Court?,10.0,Criminal
PK-MUX-2023-0972,2024-10-07,District Court,Urdu,Individual,"Our tenancy agreement has expired, and the landlord is refusing to return our security deposit of two months.",6.01,Tenant
PK-MUX-2022-0650,2022-08-05,District Court,English,Individual,A false fraud case has been registered against me regarding a bounced cheque. How do I get pre-arrest bail?,10.0,Criminal
PK-RWP-2022-1190,2023-11-22,District Court,English,Individual,I want to know the legal share of daughters in the inheritance of their late father's property under Islamic law.,6.13,Family
PK-KHI-2025-0611,2024-10-03,District Court,English,Individual,There is a dispute over the boundaries of our house with our neighbor. How can we request a legal land demarcation?,6.93,Property
PK-KHI-2026-0822,2023-03-18,Supreme Court,English,Individual,I want to know the legal share of daughters in the inheritance of their late father's property under Islamic law.,8.76,Family
PK-ISB-2026-0656,2024-08-02,District Court,English,Individual,Can a gift deed (Hiba) of a house to a grandson be challenged in court by other legal heirs?,7.02,Property
PK-KHI-2025-0746,2024-01-02,District Court,English,Individual,My husband has married a second time without my permission or consent from the Arbitration Council. Is this illegal?,6.22,Family
PK-FSD-2024-0690,2026-04-25,District Court,Urdu,Individual,We were assaulted and harassed by some local goons. The police are refusing to register our complaint. Can we file a petition under 22-A/22-B?,8.07,Criminal
PK-RWP-2023-0100,2024-02-25,District Court,English,Individual,My relative has been arrested by police under Section 302 of PPC. How can we apply for post-arrest bail in the High Court?,6.8,Criminal
PK-MUX-2022-0928,2025-02-19,District Court,Urdu,Individual,A false fraud case has been registered against me regarding a bounced cheque. How do I get pre-arrest bail?,10.0,Criminal
PK-LHR-2023-1178,2023-07-03,District Court,English,Individual,A false fraud case has been registered against me regarding a bounced cheque. How do I get pre-arrest bail?,,Criminal
PK-MUX-2025-0185,2024-01-23,High Court,English,Corporate,Someone stole my motorcycle from the parking area. What is the procedur to report this theft and get a police report for insurance?,9.36,Criminal
PK-RWP-2023-0968,2024-12-12,District Court,English,Individual,The company is refusing to pay maternity leave benefits to a female employee. What legal actions can we take?,5.45,Labor
PK-KHI-2026-0462,2026-05-19,High Court,English,Individual,How do I verify the registry and fard of a commercial property before purchasing it to avoid scams?,6.16,Property
PK-ISB-2025-0556,2024-01-31,District Court,Urdu,Individual,My relative has been arrested by police under Section 302 of PPC. How can we apply for post-arrest bail in the High Court?,7.91,Criminal
PK-RWP-2025-0151,2024-12-09,District Court,Urdu,Individual,My relative has been arrested by police under Section 302 of PPC. How can we apply for post-arrest bail in the High Court?,-44.6,Criminal
PK-KHI-2023-1010,2022-05-01,High Court,Urdu,Individual,The company is refusing to pay maternity leave benefits to a female employee. What legal actions can we take?,7.08,Labor
PK-FSD-2024-0671,2022-08-20,District Court,Urdu,Individual,A false fraud case has been registered against me regarding a bounced cheque. How do I get pre-arrest bail?,6.01,Criminal
PK-FSD-2024-0841,2025-11-03,District Court,English,Individual,What are the legal rights of a woman regarding dower (Mehr) and dowry articles (Saman-e-Harb) after divorce?,6.81,Family
PK-ISB-2025-0973,2024-07-12,District Court,English,Individual,I need to file an FIR at the police station regarding a theft/robbery that occurred at my house last night in Lahore.,7.72,Criminal
PK-MUX-2023-0338,2022-09-02,District Court,English,Individual,There is a dispute over the boundaries of our house with our neighbor. How can we request a legal land demarcation?,7.5,Property
PK-RWP-2026-0369,2022-10-19,District Court,English,Government,There is a dispute over the boundaries of our house with our neighbor. How can we request a legal land demarcation?,6.07,Property
PK-FSD-2023-1129,2023-07-07,District Court,English,Individual,What are the legl rights of a woman regarding dower (Mehr) and dowry articles (Saman-e-Harb) after divorce?,6.39,Family
PK-ISB-2025-1180,2022-07-30,District Court,Urdu,Individual,Our employer is paying us less than the government-mandated minimum wage in Punjab. Can we report this to the labor inspector?,5.72,Labor
PK-FSD-2022-1072,2024-09-25,District Court,Urdu,Individual,The company is refusing to pay maternity leave benefits to a female employee. What legal actions can we take?,5.59,Labor
PK-LHR-2022-0426,2022-04-09,District Court,English,Individual,A false fraud case has been registered against me regarding a bounced cheque. How do I get pre-arrest bail?,7.34,Criminal
PK-KHI-2022-0946,2024-08-21,High Court,Urdu,Individual,The company is refusing to pay maternity leave benefits to a female employee. What legal actions can we take?,3.67,Labor
PK-RWP-2025-0659,2023-10-29,District Court,Urdu,Individual,Someone stole my motorcycle from the parking area. What is the procedur to report this theft and get a police report for insurance?,8.33,Criminal
PK-ISB-2024-0078,2023-05-30,District Court,Urdu,Individual,Can a gift deed (Hiba) of a house to a grandson be challenged in court by other legal heirs?,7.11,Property
PK-MUX-2025-1101,2022-11-15,District Court,Urdu,Individual,My relative has been arrested by police under Section 302 of PPC. How can we apply for post-arrest bail in the High Court?,5.02,Criminal
PK-MUX-2024-0728,2024-12-23,District Court,English,Individual,A false fraud case has been registered against me regarding a bounced cheque. How do I get pre-arrest bail?,7.85,Criminal
PK-LHR-2022-0664,2025-12-11,District Court,Urdu,,"Our tenancy agreement has expired, and the landlord is refusing to return our security deposit of two months.",4.14,Tenant
PK-RWP-2025-0408,2025-04-12,District Court,English,Individual,How do I verify the registry and fard of a commercial property before purchasing it to avoid scams?,7.14,Property
PK-MUX-2023-0195,2024-01-11,District Court,English,Individual,"The landlord is demanding a 30% rent increase, which is higher than the legally allowed limit in the Rent Restriction Act.",5.46,Tenant
PK-KHI-2023-0079,2026-02-21,District Court,Urdu,Government,Can a gift deed (Hiba) of a house to a grandson be challenged in court by other legal heirs?,4.61,Property
PK-FSD-2022-0433,2022-07-14,High Court,Urdu,Individual,A relative has illegally occupied our ancestral agricultural land in Faisalabad. Can we file a suit for possession and permanent injunction?,7.86,Property
PK-MUX-2022-0469,2022-08-23,District Court,English,Corporate,Is it legal for a private company to hold an employee's original academic degrees as security?,4.81,Labor
PK-FSD-2026-0490,2024-11-11,District Court,English,Individual,My relative has been arrested by police under Section 302 of PPC. How can we apply for post-arrest bail in the High Court?,8.49,Criminal
PK-RWP-2024-0814,2024-07-17,District Court,Urdu,Individual,A relative has illegally occupied our ancestral agricultural land in Faisalabad. Can we file a suit for possession and permanent injunction?,8.24,Property
PK-KHI-2026-0692,2024-03-15,District Court,English,Individual,Someone stole my motorcycle from the parking area. What is the procedure to report this theft and get a police report for insurance?,,Criminal
PK-MUX-2026-0825,2023-06-09,District Court,English,Individual,A relative has illegally occupied our ancestral agricultural land in Faisalabad. Can we file a suit for possession and permanent injunction?,8.74,Property
PK-FSD-2023-0857,2026-01-02,District Court,English,Individual,"I want to sublet a portion of my rented shop, but the landlord is objecting despite our oral agreement. What does the law say?",5.57,Tenant
PK-RWP-2025-1044,2022-05-11,District Court,English,Individual,I was terminated from my factory job without any notice or payment of dues. Where can I file a complaint for reinstatement and gratuity?,5.29,Labor
PK-KHI-2023-1135,2026-04-24,High Court,Urdu,Individual,A false fraud case has been registered against me regarding a bounced cheque. How do I get pre-arrest bail?,,Criminal
PK-LHR-2022-0393,2024-03-05,District Court,English,Corporate,Can a gift deed (Hiba) of a house to a grandson be challenged in court by other legal heirs?,9.2,Property
PK-KHI-2026-0723,2022-11-02,High Court,Urdu,Individual,My sister wants to file for Khula (divorce) from her husband due to cruelty and non-maintenance. What is the procedur in family cort?,6.89,Family
PK-RWP-2024-0911,2022-02-02,High Court,English,NGO,My husband has married a second time without my permission or consent from the Arbitration Council. Is this illegal?,6.26,Family
PK-FSD-2023-0970,2023-01-03,High Court,Urdu,Individual,Our employer is paying us less than the government-mandated minimum wage in Punjab. Can we report this to the labor inspector?,5.65,Labor
PK-FSD-2024-0091,2025-05-21,District Court,English,NGO,A false fraud case has been registered against me regarding a bounced cheque. How do I get pre-arrest bail?,9.66,Criminal
PK-KHI-2024-0170,2022-04-17,District Court,Urdu,Individual,I was terminated from my factory job without any notice or payment of dues. Where can I file a complaint for reinstatement and gratuity?,,Labor
PK-LHR-2022-0272,2025-12-10,District Court,English,Individual,What are the legal rights of a woman regarding dower (Mehr) and dowry articles (Saman-e-Harb) after divorce?,7.4,Family
PK-LHR-2024-0346,2023-02-15,District Court,Urdu,Individual,I need advice on child custody and guardianship laws in Pakistan. The father is refusing to pay monthly maintenance.,4.26,Family
PK-ISB-2026-0075,2022-01-21,District Court,English,Individual,I want to know the legal share of daughters in the inheritance of their late father's property under Islamic law.,6.99,Family
PK-MUX-2024-0954,2023-05-28,District Court,Urdu,Individual,We were assaulted and harassed by some local goons. The police are refusing to register our complaint. Can we file a petition under 22-A/22-B?,8.4,Criminal
PK-FSD-2022-0324,2025-12-12,District Court,English,Individual,Can a gift deed (Hiba) of a house to a grandson be challenged in court by other legal heirs?,5.79,Property
PK-RWP-2022-0794,2025-04-27,District Court,English,Corporate,Someone stole my motorcycle from the parking area. What is the procedure to report this theft and get a police report for insurance?,7.2,Criminal
PK-ISB-2024-1157,2024-10-25,High Court,English,Individual,I want to know the legal share of daughters in the inheritance of their late father's property under Islamic law.,8.7,Family
PK-FSD-2025-0056,2023-06-15,High Court,Urdu,Individual,Can a gift deed (Hiba) of a house to a grandson be challenged in court by other legal heirs?,5.99,Property
PK-RWP-2025-1158,2024-12-07,Supreme Court,English,NGO,I want to know the legal share of daughters in the inheritance of their late father's property under Islamic law.,7.18,Family
PK-MUX-2026-0087,2024-08-20,District Court,English,Individual,I want to know the legl share of daughters in the inheritance of their late father's proprty under Islamic law.,6.39,Family
PK-MUX-2026-0107,2024-02-18,Supreme Court,Urdu,Corporate,The company is refusing to pay maternity leave benefits to a female employee. What legal actions can we take?,,Labor
PK-FSD-2024-0236,2023-11-07,District Court,Urdu,Individual,What are the legal rights of a woman regarding dower (Mehr) and dowry articles (Saman-e-Harb) after divorce?,3.57,Family
PK-MUX-2023-0498,2024-04-29,High Court,Urdu,Individual,The company is refusing to pay maternity leave benefits to a female employee. What legal actions can we take?,4.45,Labor
PK-KHI-2024-0782,2025-09-17,District Court,English,Individual,Can a gift deed (Hiba) of a house to a grandson be challenged in court by other legal heirs?,7.46,Property
PK-ISB-2025-0523,2025-10-27,District Court,English,Individual,We bought a plot of land in a housing society but the developer is not giving possession or registration (registry/intiqal). What should we do?,,Property
PK-KHI-2026-1028,2025-09-21,District Court,English,Individual,"I want to sublet a portion of my rented shop, but the landlord is objecting despite our oral agreement. What does the law say?",5.74,Tenant
PK-FSD-2026-0357,2026-03-13,District Court,English,Individual,I need advice on child custody and guardianship laws in Pakistan. The father is refusing to pay monthly maintenance.,5.65,Family
PK-RWP-2025-0269,2023-01-03,District Court,English,Individual,My relative has been arrested by police under Section 302 of PPC. How can we apply for post-arrest bail in the High Court?,8.66,Criminal
PK-FSD-2025-0461,2024-05-03,Supreme Court,Urdu,Individual,A false fraud case has been registered against me regarding a bounced cheque. How do I get pre-arrest bail?,8.54,Criminal
PK-LHR-2025-0074,2023-10-28,District Court,English,Individual,What are the legal rights of a woman regarding dower (Mehr) and dowry articles (Saman-e-Harb) after divorce?,2.86,Family
PK-FSD-2025-0059,2026-04-26,District Court,Urdu,Corporate,A false fraud case has been registered against me regarding a bounced cheque. How do I get pre-arrest bail?,9.67,Criminal
PK-KHI-2023-0849,2023-01-15,District Court,Urdu,Individual,I need to file an FIR at the police station regarding a theft/robbery that occurred at my house last night in Lahore.,,Criminal
PK-LHR-2022-0877,2025-01-05,District Court,Urdu,Individual,Our employer is paying us less than the government-mandated minimum wage in Punjab. Can we report this to the labor inspector?,5.77,Labor
PK-MUX-2025-0492,2024-01-05,District Court,Urdu,Individual,A private hospital charged us excessively and committed medical negligence during a surgery. Where do we complain?,4.09,Consumer
PK-MUX-2024-1035,2024-07-26,District Court,English,Individual,Someone stole my motorcycle from the parking area. What is the procedure to report this theft and get a police report for insurance?,10.0,Criminal
PK-ISB-2025-1033,2025-10-20,District Court,English,Individual,My sister wants to file for Khula (divorce) from her husband due to cruelty and non-maintenance. What is the procedure in family court?,6.78,Family
PK-MUX-2024-1075,2022-03-06,District Court,English,Individual,What are the legl rights of a woman regarding dower (Mehr) and dowry articles (Saman-e-Harb) after divorce?,5.41,Family
PK-ISB-2024-1141,2024-04-01,District Court,Urdu,Individual,I want to know the legal share of daughters in the inheritance of their late father's property under Islamic law.,7.65,Family
PK-LHR-2022-0011,2022-11-10,District Court,Urdu,Individual,I need to file an FIR at the police station regarding a theft/robbery that occurred at my house last night in Lahore.,7.94,Criminal
PK-FSD-2023-0710,2023-02-27,District Court,English,Individual,I need advice on child custody and guardianship laws in Pakistan. The father is refusing to pay monthly maintenance.,6.25,Family
PK-ISB-2023-0227,2022-08-12,District Court,English,Individual,My husband has married a second time without my permission or consent from the Arbitration Council. Is this illegal?,4.71,Family
PK-KHI-2025-1123,2026-03-03,District Court,English,NGO,I want to know the legal share of daughters in the inheritance of their late father's property under Islamic law.,4.63,Family
PK-MUX-2023-1088,2023-01-31,High Court,Urdu,Individual,My husband has married a second time without my permission or consent from the Arbitration Council. Is this illegal?,5.69,Family
PK-FSD-2024-0026,2024-07-20,District Court,Urdu,Individual,A false fraud case has been registered against me regarding a bounced cheque. How do I get pre-arrest bail?,7.12,Criminal
PK-RWP-2024-1057,2025-02-03,District Court,English,Individual,We were assaulted and harassed by some local goons. The police are refusing to register our complaint. Can we file a petition under 22-A/22-B?,9.91,Criminal
PK-LHR-2022-1105,2026-04-13,High Court,Urdu,Individual,My sister wants to file for Khula (divorce) from her husband due to cruelty and non-maintenance. What is the procedure in family court?,4.75,Family
PK-FSD-2023-0775,2022-05-23,High Court,Urdu,NGO,What are the legal rights of a woman regarding dower (Mehr) and dowry articles (Saman-e-Harb) after divorce?,4.12,Family
PK-RWP-2025-0242,2022-07-06,High Court,English,Individual,My relative has been arrested by police under Section 302 of PPC. How can we apply for post-arrest bail in the High Court?,9.11,Criminal
PK-FSD-2024-1154,2024-12-02,High Court,Urdu,NGO,An online store delivered a damaged mobile phone and is refusing a refund or replacement. How do I send them a legal notice?,5.97,Consumer
PK-RWP-2026-1066,2022-03-28,District Court,Urdu,Individual,Can a gift deed (Hiba) of a house to a grandson be challenged in court by other legal heirs?,5.45,Property
PK-ISB-2026-0961,2025-07-13,High Court,Urdu,Individual,"The rented house needs urgent structural repairs, but the landlord refuses to pay for maintenance. Can I deduct it from the rent?",6.59,Tenant
PK-FSD-2026-1134,2022-03-18,District Court,English,Individual,We bought a plot of land in a housing society but the developer is not giving possession or registration (registry/intiqal). What should we do?,6.71,Property
PK-KHI-2025-0829,2023-07-30,High Court,Urdu,Individual,We were assaulted and harassed by some local goons. The police are refusing to register our complaint. Can we file a petition under 22-A/22-B?,8.16,Criminal
PK-FSD-2025-0379,2024-02-15,District Court,English,Corporate,The airline lost my luggage during a domestic flight and is offering very low compensation. Can I sue them in consumer court?,3.03,Consumer
PK-FSD-2022-0397,2024-03-21,High Court,English,Individual,There is a dispute over the boundaries of our house with our neighbor. How can we request a legal land demarcation?,8.62,Property
PK-FSD-2025-0733,2024-10-23,District Court,English,Individual,My husband has married a second time without my permission or consent from the Arbitration Council. Is this illegal?,3.96,Family
PK-LHR-2025-1082,2024-04-14,District Court,Urdu,Government,My relative has been arrested by police under Section 302 of PPC. How can we apply for post-arrest bail in the High Court?,8.11,Criminal
PK-RWP-2023-0676,2025-03-19,District Court,Urdu,Corporate,Can a gift deed (Hiba) of a house to a grandson be challenged in cort by other legl heirs?,,Property
PK-RWP-2022-0505,2022-07-10,District Court,English,Individual,We bought a plot of land in a housing society but the developer is not giving possession or registration (registry/intiqal). What should we do?,6.42,Property
PK-LHR-2025-0783,2022-09-01,District Court,English,Individual,"The rented house needs urgent structural repairs, but the landlord refuses to pay for maintenance. Can I deduct it from the rent?",5.73,Tenant
PK-MUX-2026-0874,2023-08-29,District Court,Urdu,Individual,We were assaulted and harassed by some local goons. The police are refusing to register our complaint. Can we file a petition under 22-A/22-B?,8.46,Criminal
PK-FSD-2022-0832,2024-10-10,District Court,English,Individual,There is a dispute over the boundaries of our house with our neighbor. How can we request a legal land demarcation?,5.8,Property
PK-MUX-2024-0784,2025-12-17,District Court,English,,Someone stole my motorcycle from the parking area. What is the procedure to report this theft and get a police report for insurance?,9.17,Criminal
PK-LHR-2025-0643,2024-10-21,District Court,English,Individual,My husband has married a second time without my permission or consent from the Arbitration Council. Is this illegal?,4.2,Family
PK-MUX-2022-1124,2023-08-11,District Court,English,Individual,A false fraud case has been registered against me regarding a bounced cheque. How do I get pre-arrest bail?,10.0,Criminal
PK-LHR-2023-0353,2022-10-06,High Court,English,Individual,My relative has been arrested by police under Section 302 of PPC. How can we apply for post-arrest bail in the High Court?,8.31,Criminal
PK-ISB-2026-1095,2022-09-01,District Court,English,Individual,I need to file an FIR at the police station regarding a theft/robbery that occurred at my house last night in Lahore.,8.4,Criminal
PK-ISB-2024-0479,2022-01-23,District Court,English,Individual,We bought a plot of land in a housing society but the developer is not giving possession or registration (registry/intiqal). What should we do?,8.34,Property
PK-FSD-2025-1181,2025-05-06,High Court,Urdu,Individual,My husband has married a second time without my permission or consent from the Arbitration Council. Is this illegal?,7.67,Family
PK-MUX-2023-0513,2022-07-25,District Court,English,Individual,My husband has married a second time without my permission or consent from the Arbitration Council. Is this illegal?,4.91,Family
PK-LHR-2026-0482,2024-08-02,District Court,English,,How do I verify the registry and fard of a commercial proprty before purchasing it to avoid scams?,5.07,Property
PK-KHI-2023-0933,2024-08-19,District Court,English,Individual,I was terminated from my factory job without any notice or payment of dues. Where can I file a complaint for reinstatement and gratuity?,2.86,Labor
PK-MUX-2023-0935,2022-05-21,District Court,Urdu,Individual,"I ordered custom furniture, but it was delivered with poor quality wood and wrong dimensions. Can I claim damages?",3.4,Consumer
PK-MUX-2023-0148,2024-10-21,District Court,Urdu,Individual,I want to know the legal share of daughters in the inheritance of their late father's property under Islamic law.,6.63,Family
PK-LHR-2024-0487,2022-10-14,High Court,English,Individual,We bought a plot of land in a housing society but the developer is not giving possession or registration (registry/intiqal). What should we do?,5.7,Property
PK-KHI-2025-0957,2023-04-24,District Court,Urdu,Individual,There is a dispute over the boundaries of our house with our neighbor. How can we request a legal land demarcation?,7.55,Property
PK-FSD-2023-0363,2024-05-08,District Court,Urdu,Individual,A false fraud case has been registered against me regarding a bounced cheque. How do I get pre-arrest bail?,8.98,Criminal
PK-ISB-2022-0691,2024-02-23,District Court,Urdu,Individual,How do I verify the registry and fard of a commercial property before purchasing it to avoid scams?,8.39,Property
PK-MUX-2024-0827,2022-09-28,Supreme Court,English,Individual,A private hospital charged us excessively and committed medical negligence during a surgery. Where do we complain?,3.37,Consumer
PK-LHR-2023-1077,2022-11-15,District Court,English,Individual,My landlord is trying to evict me forcefully without giving the 3-month notice period written in our tenancy agreement.,4.49,Tenant
PK-ISB-2025-0683,2024-02-22,District Court,Urdu,Individual,My sister wants to file for Khula (divorce) from her husband due to cruelty and non-maintenance. What is the procedur in family cort?,6.59,Family
PK-LHR-2024-0898,2024-06-14,District Court,English,Individual,The company is refusing to pay maternity leave benefits to a female employee. What legal actions can we take?,6.95,Labor
PK-FSD-2025-0891,2025-03-19,District Court,English,,The company is refusing to pay maternity leave benefits to a female employee. What legal actions can we take?,6.11,Labor
PK-LHR-2025-0237,2023-09-21,District Court,Urdu,NGO,We were assaulted and harassed by some local goons. The police are refusing to register our complaint. Can we file a petition under 22-A/22-B?,8.72,Criminal
PK-ISB-2026-1167,2022-11-21,District Court,English,Corporate,A false fraud case has been registered against me regarding a bounced cheque. How do I get pre-arrest bail?,9.18,Criminal
PK-KHI-2025-0590,2024-03-20,District Court,English,Individual,My husband has married a second time without my permission or consent from the Arbitration Council. Is this illegal?,6.09,Family
PK-KHI-2023-0712,2022-08-29,Supreme Court,Urdu,Individual,A false fraud case has been registered against me regarding a bounced cheque. How do I get pre-arrest bail?,7.85,Criminal
PK-LHR-2024-0365,2025-05-07,District Court,Urdu,Individual,I need to file an FIR at the police station regarding a theft/robbery that occurred at my house last night in Lahore.,8.02,Criminal
PK-KHI-2024-1099,2022-02-02,District Court,Urdu,Individual,The airline lost my luggage during a domestic flight and is offering very low compensation. Can I sue them in consumer cort?,4.42,Consumer
PK-MUX-2023-0816,2025-05-01,District Court,Urdu,Individual,I want to know the legal share of daughters in the inheritance of their late father's property under Islamic law.,6.32,Family
PK-RWP-2023-0688,2025-05-12,District Court,Urdu,Individual,A false fraud case has been registered against me regarding a bounced cheque. How do I get pre-arrest bail?,9.35,Criminal
PK-LHR-2026-0798,2023-02-15,District Court,English,Individual,How do I verify the registry and fard of a commercial property before purchasing it to avoid scams?,7.03,Property
PK-RWP-2025-0839,2022-07-09,District Court,English,NGO,I want to know the legl share of daughters in the inheritance of their late father's proprty under Islamic law.,5.74,Family
PK-FSD-2025-1039,2023-09-12,District Court,Urdu,Individual,Someone stole my motorcycle from the parking area. What is the procedure to report this theft and get a police report for insurance?,9.76,Criminal
PK-FSD-2026-0682,2023-04-24,District Court,Urdu,Individual,I need advice on child custody and guardianship laws in Pakistan. The father is refusing to pay monthly maintenance.,5.37,Family
PK-MUX-2023-1143,2025-12-04,High Court,English,Corporate,How do I verify the registry and fard of a commercial property before purchasing it to avoid scams?,7.15,Property
PK-FSD-2025-0335,2025-12-08,District Court,Urdu,Individual,I need advice on child custody and guardianship laws in Pakistan. The father is refusing to pay monthly maintenance.,5.82,Family
PK-ISB-2023-1067,2024-11-18,District Court,English,Individual,My relative has been arrested by police under Section 302 of PPC. How can we apply for post-arrest bail in the High Court?,9.89,Criminal
PK-KHI-2026-0202,2026-01-15,High Court,English,NGO,My sister wants to file for Khula (divorce) from her husband due to cruelty and non-maintenance. What is the procedure in family court?,7.3,Family
PK-ISB-2022-0230,2026-04-24,District Court,English,Individual,I need to file an FIR at the police station regarding a theft/robbery that occurred at my house last night in Lahore.,7.62,Criminal
PK-MUX-2024-0910,2026-03-22,High Court,English,Individual,"Our tenancy agreement has expired, and the landlord is refusing to return our security deposit of two months.",4.63,Tenant
PK-LHR-2024-0823,2023-06-21,District Court,English,Individual,Can a gift deed (Hiba) of a house to a grandson be challenged in court by other legal heirs?,6.56,Property
PK-RWP-2026-0232,2022-08-08,High Court,English,Individual,A false fraud case has been registered against me regarding a bounced cheque. How do I get pre-arrest bail?,8.55,Criminal
PK-LHR-2022-0714,2025-08-13,District Court,English,Individual,A false fraud case has been registered against me regarding a bounced cheque. How do I get pre-arrest bail?,8.45,Criminal
PK-LHR-2025-0341,2025-03-06,District Court,English,Individual,My husband has married a second time without my permission or consent from the Arbitration Council. Is this illegal?,6.29,Family
PK-MUX-2026-0132,2023-09-10,District Court,Urdu,Individual,Someone stole my motorcycle from the parking area. What is the procedure to report this theft and get a police report for insurance?,7.23,Criminal
PK-RWP-2022-1155,2022-03-16,District Court,Urdu,Individual,Can a gift deed (Hiba) of a house to a grandson be challenged in court by other legal heirs?,8.21,Property
PK-KHI-2022-0343,2025-02-06,High Court,Urdu,Individual,"The landlord is demanding a 30% rent increase, which is higher than the legally allowed limit in the Rent Restriction Act.",4.39,Tenant
PK-LHR-2024-0521,2022-12-25,District Court,English,Individual,What are the legal rights of a woman regarding dower (Mehr) and dowry articles (Saman-e-Harb) after divorce?,6.65,Family
PK-MUX-2025-0254,2024-12-10,District Court,English,Individual,Someone stole my motorcycle from the parking area. What is the procedure to report this theft and get a police report for insurance?,6.68,Criminal
PK-ISB-2022-1132,2024-01-01,High Court,Urdu,Individual,We were assaulted and harassed by some local goons. The police are refusing to register our complaint. Can we file a petition under 22-A/22-B?,-50.0,Criminal
PK-RWP-2026-0283,2022-12-14,District Court,English,Individual,A private hospital charged us excessively and committed medical negligence during a surgery. Where do we complain?,2.51,Consumer
PK-KHI-2025-0854,2024-09-20,District Court,Urdu,Individual,My relative has been arrested by police under Section 302 of PPC. How can we apply for post-arrest bail in the High Court?,10.0,Criminal
PK-FSD-2025-0082,2024-06-21,District Court,Urdu,Individual,I want to know the legl share of daughters in the inheritance of their late father's proprty under Islamic law.,7.77,Family
PK-FSD-2024-0064,2026-03-21,Supreme Court,English,Corporate,Someone stole my motorcycle from the parking area. What is the procedur to report this theft and get a police report for insurance?,9.48,Criminal
PK-LHR-2026-0756,2026-03-07,District Court,English,Individual,What are the legal rights of a woman regarding dower (Mehr) and dowry articles (Saman-e-Harb) after divorce?,6.59,Family
PK-LHR-2023-0809,2023-06-03,District Court,English,NGO,How do I verify the registry and fard of a commercial property before purchasing it to avoid scams?,5.93,Property
PK-ISB-2022-0875,2023-07-27,High Court,Urdu,Individual,Someone stole my motorcycle from the parking area. What is the procedure to report this theft and get a police report for insurance?,10.0,Criminal
PK-FSD-2023-0758,2024-01-02,District Court,English,Individual,We were assaulted and harassed by some local goons. The police are refusing to register our complaint. Can we file a petition under 22-A/22-B?,7.47,Criminal
PK-FSD-2026-0960,2023-09-06,District Court,English,Individual,I need advice on child custody and guardianship laws in Pakistan. The father is refusing to pay monthly maintenance.,6.77,Family
PK-FSD-2022-0850,2022-01-28,District Court,English,Individual,A false fraud case has been registered against me regarding a bounced cheque. How do I get pre-arrest bail?,7.75,Criminal
PK-LHR-2024-0378,2023-06-10,High Court,Urdu,Individual,Someone stole my motorcycle from the parking area. What is the procedure to report this theft and get a police report for insurance?,10.0,Criminal
PK-MUX-2026-0887,2024-12-19,District Court,English,Individual,I need advice on child custody and guardianship laws in Pakistan. The father is refusing to pay monthly maintenance.,5.57,Family
PK-MUX-2024-0121,2025-04-12,District Court,Urdu,Individual,I need advice on child custody and guardianship laws in Pakistan. The father is refusing to pay monthly maintenance.,4.91,Family
PK-KHI-2025-0727,2023-01-14,High Court,English,Individual,My sister wants to file for Khula (divorce) from her husband due to cruelty and non-maintenance. What is the procedure in family court?,,Family
PK-ISB-2023-0764,2024-06-24,High Court,English,Individual,We were assaulted and harassed by some local goons. The police are refusing to register our complaint. Can we file a petition under 22-A/22-B?,9.88,Criminal
PK-LHR-2024-0470,2024-02-21,High Court,Urdu,Individual,A false fraud case has been registered against me regarding a bounced cheque. How do I get pre-arrest bail?,8.17,Criminal
PK-ISB-2025-0465,2025-12-24,High Court,English,NGO,A false fraud case has been registered against me regarding a bounced cheque. How do I get pre-arrest bail?,8.23,Criminal
PK-ISB-2026-1058,2025-02-03,District Court,Urdu,Individual,I need advice on child custody and guardianship laws in Pakistan. The father is refusing to pay monthly maintenance.,6.65,Family
PK-MUX-2026-1189,2022-01-10,High Court,English,Corporate,Someone stole my motorcycle from the parking area. What is the procedur to report this theft and get a police report for insurance?,7.34,Criminal
PK-KHI-2022-0737,2022-02-15,High Court,English,NGO,We were assaulted and harassed by some local goons. The police are refusing to register our complaint. Can we file a petition under 22-A/22-B?,,Criminal
PK-RWP-2026-0374,2024-01-01,District Court,English,,We were assaulted and harassed by some local goons. The police are refusing to register our complaint. Can we file a petition under 22-A/22-B?,10.0,Criminal
PK-KHI-2023-1198,2025-11-24,District Court,Urdu,Individual,My sister wants to file for Khula (divorce) from her husband due to cruelty and non-maintenance. What is the procedure in family court?,6.27,Family
PK-RWP-2022-1106,2022-01-20,Supreme Court,English,Individual,"Our tenancy agreement has expired, and the landlord is refusing to return our security deposit of two months.",5.74,Tenant
PK-ISB-2022-1043,2026-01-01,High Court,Urdu,Individual,I need to file an FIR at the police station regarding a theft/robbery that occurred at my house last night in Lahore.,8.45,Criminal
PK-FSD-2024-0483,2024-01-02,District Court,Urdu,Individual,Can a gift deed (Hiba) of a house to a grandson be challenged in cort by other legl heirs?,7.24,Property
PK-MUX-2025-0506,2024-12-05,District Court,Urdu,Individual,There is a dispute over the boundaries of our house with our neighbor. How can we request a legal land demarcation?,6.29,Property
PK-FSD-2026-0217,2023-09-23,High Court,Urdu,Individual,We bought a plot of land in a housing society but the developer is not giving possession or registration (registry/intiqal). What should we do?,6.72,Property
PK-KHI-2025-0869,2024-05-01,High Court,English,Corporate,Someone stole my motorcycle from the parking area. What is the procedure to report this theft and get a police report for insurance?,10.0,Criminal
PK-FSD-2026-0389,2024-05-07,Supreme Court,Urdu,NGO,A false fraud case has been registered against me regarding a bounced cheque. How do I get pre-arrest bail?,7.81,Criminal
PK-ISB-2022-0425,2024-02-08,High Court,English,Individual,I need to file an FIR at the police station regarding a theft/robbery that occurred at my house last night in Lahore.,10.0,Criminal
PK-LHR-2022-1056,2022-12-26,District Court,Urdu,Individual,Someone stole my motorcycle from the parking area. What is the procedur to report this theft and get a police report for insurance?,8.47,Criminal
PK-FSD-2022-0382,2024-06-02,High Court,English,,An online store delivered a damaged mobile phone and is refusing a refund or replacement. How do I send them a legl notice?,1.45,Consumer
PK-FSD-2024-0329,2024-05-29,District Court,English,Individual,My sister wants to file for Khula (divorce) from her husband due to cruelty and non-maintenance. What is the procedure in family court?,6.75,Family
PK-MUX-2024-0349,2022-08-01,District Court,Urdu,Individual,My sister wants to file for Khula (divorce) from her husband due to cruelty and non-maintenance. What is the procedure in family court?,5.74,Family
PK-FSD-2022-1019,2026-02-12,District Court,Urdu,Individual,A false fraud case has been registered against me regarding a bounced cheque. How do I get pre-arrest bail?,9.01,Criminal
PK-KHI-2025-0708,2023-05-14,High Court,English,Individual,My husband has married a second time without my permission or consent from the Arbitration Council. Is this illegal?,3.5,Family
PK-LHR-2025-0022,2023-12-27,District Court,English,Individual,I need to file an FIR at the police station regarding a theft/robbery that occurred at my house last night in Lahore.,8.58,Criminal
PK-ISB-2022-0034,2022-10-03,District Court,Urdu,Individual,Our employer is paying us less than the government-mandated minimum wage in Punjab. Can we report this to the labor inspector?,6.49,Labor
PK-FSD-2023-0276,2025-11-12,High Court,English,Government,My sister wants to file for Khula (divorce) from her husband due to cruelty and non-maintenance. What is the procedur in family cort?,6.24,Family
PK-RWP-2023-0883,2022-08-04,District Court,English,Corporate,How do I verify the registry and fard of a commercial property before purchasing it to avoid scams?,8.25,Property
PK-LHR-2022-0370,2022-04-26,District Court,English,Individual,I need to file an FIR at the police station regarding a theft/robbery that occurred at my house last night in Lahore.,8.53,Criminal
PK-ISB-2022-0159,2024-10-30,District Court,English,Individual,The company is refusing to pay maternity leave benefits to a female employee. What legal actions can we take?,6.29,Labor
PK-MUX-2023-0287,2024-09-08,District Court,Urdu,NGO,We were assaulted and harassed by some local goons. The police are refusing to register our complaint. Can we file a petition under 22-A/22-B?,9.21,Criminal
PK-RWP-2025-0183,2023-06-03,District Court,Urdu,Individual,My sister wants to file for Khula (divorce) from her husband due to cruelty and non-maintenance. What is the procedure in family court?,6.58,Family
PK-LHR-2026-0888,2024-04-16,District Court,English,Individual,My husband has married a second time without my permission or consent from the Arbitration Council. Is this illegal?,6.71,Family
PK-RWP-2024-0532,2023-05-01,District Court,Urdu,Individual,My relative has been arrested by police under Section 302 of PPC. How can we apply for post-arrest bail in the High Court?,8.42,Criminal
PK-MUX-2024-0872,2022-03-02,District Court,Urdu,Individual,My husband has married a second time without my permission or consent from the Arbitration Council. Is this illegal?,4.34,Family
PK-KHI-2023-1036,2026-02-14,District Court,English,Corporate,I need to file an FIR at the police station regarding a theft/robbery that occurred at my house last night in Lahore.,7.03,Criminal
PK-MUX-2026-0844,2022-06-21,District Court,English,Corporate,I want to know the legal share of daughters in the inheritance of their late father's property under Islamic law.,6.2,Family
PK-ISB-2024-0160,2023-08-03,District Court,Urdu,Individual,We bought a plot of land in a housing society but the developer is not giving possession or registration (registry/intiqal). What should we do?,5.83,Property
PK-ISB-2026-0632,2025-03-23,Supreme Court,English,Individual,Is it legal for a private company to hold an employee's original academic degrees as security?,5.31,Labor
PK-RWP-2023-1086,2023-11-10,District Court,Urdu,Individual,A false fraud case has been registered against me regarding a bounced cheque. How do I get pre-arrest bail?,9.74,Criminal
PK-MUX-2026-0127,2022-02-13,District Court,English,Government,A false fraud case has been registered against me regarding a bounced cheque. How do I get pre-arrest bail?,7.82,Criminal
PK-RWP-2024-0914,2024-03-03,District Court,Urdu,Individual,I was terminated from my factory job without any notice or payment of dues. Where can I file a complaint for reinstatement and gratuity?,5.39,Labor
PK-ISB-2023-0581,2023-03-16,High Court,English,Corporate,We were assaulted and harassed by some local goons. The police are refusing to register our complaint. Can we file a petition under 22-A/22-B?,8.0,Criminal
PK-KHI-2024-0080,2023-04-11,District Court,English,Individual,An online store delivered a damaged mobile phone and is refusing a refund or replacement. How do I send them a legal notice?,3.74,Consumer
PK-KHI-2025-0187,2023-12-21,District Court,Urdu,Corporate,Can a gift deed (Hiba) of a house to a grandson be challenged in court by other legal heirs?,6.91,Property
PK-MUX-2025-0831,2022-04-19,District Court,English,,Someone stole my motorcycle from the parking area. What is the procedure to report this theft and get a police report for insurance?,7.4,Criminal
PK-MUX-2024-0364,2024-09-09,District Court,English,Corporate,The airline lost my luggage during a domestic flight and is offering very low compensation. Can I sue them in consumer court?,4.83,Consumer
PK-ISB-2025-0415,2023-11-10,District Court,English,Individual,I need to file an FIR at the police station regarding a theft/robbery that occurred at my house last night in Lahore.,7.6,Criminal
PK-MUX-2024-0784,2025-12-17,District Court,English,,Someone stole my motorcycle from the parking area. What is the procedure to report this theft and get a police report for insurance?,9.17,Criminal
PK-RWP-2022-0192,2023-06-21,High Court,Urdu,Individual,My husband has married a second time without my permission or consent from the Arbitration Council. Is this illegal?,6.26,Family
PK-LHR-2024-0534,2023-04-28,District Court,Urdu,Individual,A relative has illegally occupied our ancestral agricultural land in Faisalabad. Can we file a suit for possession and permanent injunction?,6.22,Property
PK-ISB-2023-0181,2026-05-15,District Court,Urdu,Individual,I need advice on child custody and guardianship laws in Pakistan. The father is refusing to pay monthly maintenance.,4.97,Family
PK-RWP-2022-0214,2022-04-03,District Court,Urdu,Corporate,My husband has married a second time without my permission or consent from the Arbitration Council. Is this illegal?,5.62,Family
PK-FSD-2023-0485,2022-01-10,District Court,Urdu,Individual,The company is refusing to pay maternity leave benefits to a female employee. What legal actions can we take?,3.79,Labor
PK-RWP-2026-0648,2022-07-29,District Court,English,Individual,"The landlord is demanding a 30% rent increase, which is higher than the legally allowed limit in the Rent Restriction Act.",4.72,Tenant
PK-RWP-2024-0122,2025-06-03,District Court,English,Corporate,How do I verify the registry and fard of a commercial property before purchasing it to avoid scams?,8.68,Property
PK-KHI-2023-0358,2023-02-10,High Court,English,Individual,I need to file an FIR at the police station regarding a theft/robbery that occurred at my house last night in Lahore.,,Criminal
PK-LHR-2026-0559,2025-09-25,Supreme Court,English,Individual,How do I verify the registry and fard of a commercial property before purchasing it to avoid scams?,6.49,Property
PK-KHI-2023-0605,2025-04-04,District Court,Urdu,Corporate,What are the legal rights of a woman regarding dower (Mehr) and dowry articles (Saman-e-Harb) after divorce?,8.25,Family
PK-RWP-2026-0416,2025-06-25,District Court,Urdu,Individual,The company is refusing to pay maternity leave benefits to a female employee. What legal actions can we take?,7.36,Labor
PK-RWP-2026-0856,2023-08-19,District Court,English,Individual,Can a gift deed (Hiba) of a house to a grandson be challenged in court by other legal heirs?,6.0,Property
PK-ISB-2024-0578,2025-01-31,Supreme Court,English,Individual,I want to know the legal share of daughters in the inheritance of their late father's property under Islamic law.,4.23,Family
PK-FSD-2026-0853,2023-01-26,District Court,Urdu,Individual,There is a dispute over the boundaries of our house with our neighbor. How can we request a legl land demarcation?,8.43,Property
PK-FSD-2024-0284,2024-05-12,District Court,Urdu,Individual,My relative has been arrested by police under Section 302 of PPC. How can we apply for post-arrest bail in the High Court?,10.0,Criminal
PK-LHR-2026-1005,2023-01-22,High Court,English,Individual,What are the legal rights of a woman regarding dower (Mehr) and dowry articles (Saman-e-Harb) after divorce?,6.47,Family
PK-RWP-2024-0947,2024-10-18,District Court,English,Individual,Can a gift deed (Hiba) of a house to a grandson be challenged in court by other legal heirs?,6.17,Property
PK-LHR-2025-0802,2022-02-10,District Court,Urdu,Individual,We were assaulted and harassed by some local goons. The police are refusing to register our complaint. Can we file a petition under 22-A/22-B?,8.62,Criminal
PK-MUX-2023-0667,2022-10-03,District Court,Urdu,Individual,"I ordered custom furniture, but it was delivered with poor quality wood and wrong dimensions. Can I claim damages?",5.8,Consumer
PK-KHI-2025-0331,2023-08-29,District Court,Urdu,Individual,A relative has illegally occupied our ancestral agricultural land in Faisalabad. Can we file a suit for possession and permanent injunction?,5.92,Property
PK-FSD-2025-0842,2023-07-04,District Court,English,,What are the legal rights of a woman regarding dower (Mehr) and dowry articles (Saman-e-Harb) after divorce?,4.65,Family
PK-MUX-2025-0653,2024-08-21,District Court,English,Corporate,Can a gift deed (Hiba) of a house to a grandson be challenged in court by other legal heirs?,5.67,Property
PK-KHI-2022-0447,2023-12-01,District Court,Urdu,,Can a gift deed (Hiba) of a house to a grandson be challenged in court by other legal heirs?,5.87,Property
PK-FSD-2024-0101,2024-11-05,District Court,English,Individual,A false fraud case has been registered against me regarding a bounced cheque. How do I get pre-arrest bail?,,Criminal
PK-ISB-2026-0446,2026-04-21,District Court,English,Individual,The company is refusing to pay maternity leave benefits to a female employee. What legl actions can we take?,5.94,Labor
PK-ISB-2024-0793,2022-04-08,District Court,English,Corporate,My husband has married a second time without my permission or consent from the Arbitration Council. Is this illegal?,4.47,Family
PK-KHI-2022-0207,2022-04-14,District Court,English,Individual,I need advice on child custody and guardianship laws in Pakistan. The father is refusing to pay monthly maintenance.,6.62,Family
PK-KHI-2024-0094,2024-04-23,District Court,English,NGO,Can a gift deed (Hiba) of a house to a grandson be challenged in cort by other legl heirs?,6.53,Property
PK-FSD-2024-0430,2023-04-26,District Court,Urdu,Corporate,A false fraud case has been registered against me regarding a bounced cheque. How do I get pre-arrest bail?,7.08,Criminal
PK-KHI-2023-1114,2023-10-18,District Court,English,Individual,The company is refusing to pay maternity leave benefits to a female employee. What legal actions can we take?,5.68,Labor
PK-RWP-2026-0834,2023-03-11,District Court,Urdu,Individual,Is it legal for a private company to hold an employee's original academic degrees as security?,5.46,Labor
PK-ISB-2026-1049,2025-01-07,District Court,Urdu,Individual,I purchased a refrigerator which stopped working within 3 days. The dealer is refusing to honor the warranty. Can I file a claim in Consumer Court?,5.66,Consumer
PK-KHI-2025-0835,2025-10-18,District Court,English,Individual,My landlord is trying to evict me forcefully without giving the 3-month notice period written in our tenancy agreement.,5.28,Tenant
PK-ISB-2024-0142,2023-12-20,District Court,Urdu,Individual,There is a dispute over the boundaries of our house with our neighbor. How can we request a legl land demarcation?,5.07,Property
PK-RWP-2025-0489,2025-09-01,High Court,English,,My husband has married a second time without my permission or consent from the Arbitration Council. Is this illegal?,7.06,Family
PK-ISB-2023-0990,2023-07-24,District Court,Urdu,,I want to know the legal share of daughters in the inheritance of their late father's property under Islamic law.,6.25,Family
PK-RWP-2022-1078,2024-06-08,District Court,English,Individual,Someone stole my motorcycle from the parking area. What is the procedure to report this theft and get a police report for insurance?,10.0,Criminal
PK-MUX-2026-0882,2025-05-04,District Court,English,Individual,"I want to sublet a portion of my rented shop, but the landlord is objecting despite our oral agreement. What does the law say?",4.41,Tenant
PK-LHR-2025-0773,2022-08-14,District Court,English,Individual,A private hospital charged us excessively and committed medical negligence during a surgery. Where do we complain?,5.17,Consumer
PK-ISB-2024-0655,2025-05-22,District Court,English,Individual,I was terminated from my factory job without any notice or payment of dues. Where can I file a complaint for reinstatement and gratuity?,5.57,Labor
PK-RWP-2026-0253,2026-02-14,High Court,Urdu,Individual,Someone stole my motorcycle from the parking area. What is the procedur to report this theft and get a police report for insurance?,9.74,Criminal
PK-MUX-2022-0729,2025-06-24,High Court,Urdu,Individual,How do I verify the registry and fard of a commercial property before purchasing it to avoid scams?,6.07,Property
PK-ISB-2026-0538,2023-02-12,District Court,Urdu,Individual,What are the legal rights of a woman regarding dower (Mehr) and dowry articles (Saman-e-Harb) after divorce?,7.21,Family
PK-LHR-2022-0268,2024-12-25,District Court,English,Individual,How do I verify the registry and fard of a commercial property before purchasing it to avoid scams?,6.47,Property
PK-LHR-2025-0063,2022-10-05,High Court,English,Individual,How do I verify the registry and fard of a commercial property before purchasing it to avoid scams?,5.56,Property
PK-RWP-2024-1051,2023-06-18,District Court,Urdu,Individual,My sister wants to file for Khula (divorce) from her husband due to cruelty and non-maintenance. What is the procedure in family court?,6.47,Family
PK-ISB-2023-0545,2023-05-22,High Court,English,Individual,Is it legal for a private company to hold an employee's original academic degrees as security?,4.54,Labor
PK-KHI-2023-0800,2022-02-26,District Court,Urdu,Individual,A false fraud case has been registered against me regarding a bounced cheque. How do I get pre-arrest bail?,9.63,Criminal
PK-MUX-2023-1118,2025-12-10,District Court,English,Individual,My sister wants to file for Khula (divorce) from her husband due to cruelty and non-maintenance. What is the procedure in family court?,6.24,Family
PK-RWP-2023-0905,2022-10-19,District Court,Urdu,Individual,Is it legal for a private company to hold an employee's original academic degrees as security?,5.56,Labor
PK-MUX-2025-0118,2022-12-26,District Court,Urdu,Corporate,We were assaulted and harassed by some local goons. The police are refusing to register our complaint. Can we file a petition under 22-A/22-B?,9.87,Criminal
PK-KHI-2026-0527,2023-12-31,District Court,English,NGO,Someone stole my motorcycle from the parking area. What is the procedure to report this theft and get a police report for insurance?,8.56,Criminal
PK-MUX-2026-1053,2025-05-23,District Court,Urdu,Individual,I want to know the legal share of daughters in the inheritance of their late father's property under Islamic law.,6.31,Family
PK-RWP-2025-0554,2023-01-20,District Court,English,NGO,I need to file an FIR at the police station regarding a theft/robbery that occurred at my house last night in Lahore.,8.91,Criminal
PK-FSD-2023-0949,2024-03-21,District Court,English,Individual,Our employer is paying us less than the government-mandated minimum wage in Punjab. Can we report this to the labor inspector?,5.79,Labor
PK-RWP-2022-0895,2023-01-30,Supreme Court,English,Individual,A false fraud case has been registered against me regarding a bounced cheque. How do I get pre-arrest bail?,9.28,Criminal
PK-ISB-2025-0174,2025-11-26,High Court,Urdu,Individual,A false fraud case has been registered against me regarding a bounced cheque. How do I get pre-arrest bail?,8.83,Criminal
PK-FSD-2024-0786,2024-10-10,District Court,English,Individual,What are the legal rights of a woman regarding dower (Mehr) and dowry articles (Saman-e-Harb) after divorce?,7.0,Family
PK-ISB-2025-0938,2023-02-25,District Court,Urdu,Individual,We bought a plot of land in a housing society but the developer is not giving possession or registration (registry/intiqal). What should we do?,7.29,Property
PK-FSD-2025-1179,2024-11-15,High Court,Urdu,Individual,I need advice on child custody and guardianship laws in Pakistan. The father is refusing to pay monthly maintenance.,4.68,Family
PK-FSD-2022-1188,2022-09-12,District Court,Urdu,Individual,An online store delivered a damaged mobile phone and is refusing a refund or replacement. How do I send them a legal notice?,4.66,Consumer
PK-RWP-2023-0455,2023-02-16,District Court,Urdu,Individual,A relative has illegally occupied our ancestral agricultural land in Faisalabad. Can we file a suit for possession and permanent injunction?,6.05,Property
PK-RWP-2024-0522,2025-01-06,High Court,English,Individual,Someone stole my motorcycle from the parking area. What is the procedure to report this theft and get a police report for insurance?,7.7,Criminal
PK-RWP-2025-0093,2025-07-24,High Court,Urdu,Individual,Someone stole my motorcycle from the parking area. What is the procedure to report this theft and get a police report for insurance?,8.11,Criminal
PK-RWP-2023-0500,2022-04-25,District Court,Urdu,Individual,Someone stole my motorcycle from the parking area. What is the procedure to report this theft and get a police report for insurance?,9.61,Criminal
PK-LHR-2024-0789,2022-08-23,District Court,English,Individual,"The rented house needs urgent structural repairs, but the landlord refuses to pay for maintenance. Can I deduct it from the rent?",3.01,Tenant
PK-KHI-2025-0311,2022-07-29,High Court,Urdu,Individual,My sister wants to file for Khula (divorce) from her husband due to cruelty and non-maintenance. What is the procedure in family court?,7.32,Family
PK-FSD-2022-0812,2023-07-16,High Court,Urdu,NGO,There is a dispute over the boundaries of our house with our neighbor. How can we request a legal land demarcation?,8.74,Property
PK-ISB-2023-0518,2025-09-03,District Court,English,Government,There is a dispute over the boundaries of our house with our neighbor. How can we request a legal land demarcation?,7.12,Property
PK-FSD-2022-0776,2024-03-22,District Court,Urdu,Individual,An online store delivered a damaged mobile phone and is refusing a refund or replacement. How do I send them a legal notice?,3.13,Consumer
PK-KHI-2023-0153,2025-05-18,District Court,Urdu,Individual,Someone stole my motorcycle from the parking area. What is the procedure to report this theft and get a police report for insurance?,8.78,Criminal
PK-MUX-2023-0116,2025-06-25,District Court,Urdu,Individual,I need advice on child custody and guardianship laws in Pakistan. The father is refusing to pay monthly maintenance.,5.96,Family
PK-MUX-2022-0531,2022-01-25,District Court,English,Individual,What are the legal rights of a woman regarding dower (Mehr) and dowry articles (Saman-e-Harb) after divorce?,4.01,Family
PK-ISB-2024-0468,2024-01-09,District Court,Urdu,Individual,Someone stole my motorcycle from the parking area. What is the procedure to report this theft and get a police report for insurance?,7.86,Criminal
PK-KHI-2023-1103,2024-03-18,District Court,English,Individual,Someone stole my motorcycle from the parking area. What is the procedure to report this theft and get a police report for insurance?,8.33,Criminal
PK-RWP-2025-0443,2022-06-30,High Court,English,Individual,I want to know the legal share of daughters in the inheritance of their late father's property under Islamic law.,5.89,Family
PK-ISB-2025-0873,2026-05-01,District Court,English,Individual,My relative has been arrested by police under Section 302 of PPC. How can we apply for post-arrest bail in the High Court?,7.62,Criminal
PK-MUX-2023-1126,2024-05-17,High Court,English,Individual,I want to know the legal share of daughters in the inheritance of their late father's property under Islamic law.,6.36,Family
PK-FSD-2023-1164,2022-01-09,High Court,English,Individual,My relative has been arrested by police under Section 302 of PPC. How can we apply for post-arrest bail in the High Court?,9.73,Criminal
PK-LHR-2023-0023,2023-01-28,District Court,English,Individual,How do I verify the registry and fard of a commercial property before purchasing it to avoid scams?,,Property
PK-RWP-2026-0030,2024-12-06,District Court,English,Individual,What are the legal rights of a woman regarding dower (Mehr) and dowry articles (Saman-e-Harb) after divorce?,5.28,Family
PK-RWP-2025-0225,2024-03-19,High Court,Urdu,Corporate,What are the legl rights of a woman regarding dower (Mehr) and dowry articles (Saman-e-Harb) after divorce?,7.31,Family
PK-LHR-2024-0000,2023-05-17,District Court,Urdu,Individual,Can a gift deed (Hiba) of a house to a grandson be challenged in cort by other legl heirs?,7.6,Property
PK-KHI-2025-0584,2025-11-13,High Court,Urdu,Individual,How do I verify the registry and fard of a commercial proprty before purchasing it to avoid scams?,7.22,Property
PK-MUX-2026-0897,2024-06-28,District Court,English,Individual,A false fraud case has been registered against me regarding a bounced cheque. How do I get pre-arrest bail?,8.68,Criminal
PK-MUX-2023-0713,2023-07-21,District Court,English,Individual,I want to know the legal share of daughters in the inheritance of their late father's property under Islamic law.,6.48,Family
PK-FSD-2024-0435,2024-02-29,District Court,English,Individual,I need advice on child custody and guardianship laws in Pakistan. The father is refusing to pay monthly maintenance.,6.09,Family
PK-MUX-2023-0986,2023-11-12,District Court,Urdu,Individual,"I ordered custom furniture, but it was delivered with poor quality wood and wrong dimensions. Can I claim damages?",5.8,Consumer
PK-FSD-2024-0623,2025-07-06,District Court,Urdu,NGO,We bought a plot of land in a housing society but the developer is not giving possession or registration (registry/intiqal). What should we do?,8.61,Property
PK-ISB-2025-0813,2022-07-25,High Court,Urdu,Individual,"Our tenancy agreement has expired, and the landlord is refusing to return our security deposit of two months.",5.24,Tenant
PK-MUX-2022-0115,2025-05-26,High Court,Urdu,Corporate,I need advice on child custody and guardianship laws in Pakistan. The father is refusing to pay monthly maintenance.,6.36,Family
PK-FSD-2023-0508,2022-06-21,District Court,Urdu,,My relative has been arrested by police under Section 302 of PPC. How can we apply for post-arrest bail in the High Court?,8.56,Criminal
PK-LHR-2022-0032,2025-01-06,District Court,English,NGO,My sister wants to file for Khula (divorce) from her husband due to cruelty and non-maintenance. What is the procedure in family court?,5.98,Family
PK-FSD-2022-1012,2022-01-20,District Court,Urdu,Individual,A false fraud case has been registered against me regarding a bounced cheque. How do I get pre-arrest bail?,10.0,Criminal
PK-MUX-2022-1040,2026-05-12,District Court,Urdu,Individual,"I ordered custom furniture, but it was delivered with poor quality wood and wrong dimensions. Can I claim damages?",6.02,Consumer
PK-MUX-2025-0778,2023-07-25,High Court,Urdu,Individual,The company is refusing to pay maternity leave benefits to a female employee. What legal actions can we take?,5.41,Labor
PK-RWP-2026-0038,2022-10-31,District Court,English,Individual,I was terminated from my factory job without any notice or payment of dues. Where can I file a complaint for reinstatement and gratuity?,3.91,Labor
PK-LHR-2025-0024,2025-02-01,District Court,Urdu,Individual,I was terminated from my factory job without any notice or payment of dues. Where can I file a complaint for reinstatement and gratuity?,4.85,Labor
PK-FSD-2024-0964,2023-02-26,District Court,Urdu,Individual,I need to file an FIR at the police station regarding a theft/robbery that occurred at my house last night in Lahore.,8.39,Criminal
PK-KHI-2025-0199,2024-10-26,High Court,English,Individual,My relative has been arrested by police under Section 302 of PPC. How can we apply for post-arrest bail in the High Court?,7.13,Criminal
PK-FSD-2025-0205,2024-09-18,District Court,English,Individual,We were assaulted and harassed by some local goons. The police are refusing to register our complaint. Can we file a petition under 22-A/22-B?,7.37,Criminal
PK-KHI-2026-0805,2022-09-08,High Court,English,Corporate,The company is refusing to pay maternity leave benefits to a female employee. What legal actions can we take?,5.13,Labor
PK-LHR-2023-0777,2022-05-13,District Court,English,Individual,There is a dispute over the boundaries of our house with our neighbor. How can we request a legl land demarcation?,6.7,Property
PK-LHR-2024-0180,2023-05-09,High Court,Urdu,Individual,We were assaulted and harassed by some local goons. The police are refusing to register our complaint. Can we file a petition under 22-A/22-B?,9.25,Criminal
PK-KHI-2026-0258,2026-01-23,District Court,English,Individual,I suffered an injury on the job due to lack of safety equipment. Am I entitled to compensation under the Workmen's Compensation Act?,6.03,Labor
PK-MUX-2022-1174,2023-03-07,District Court,English,Individual,I want to know the legal share of daughters in the inheritance of their late father's property under Islamic law.,5.1,Family
PK-MUX-2024-0410,2023-01-21,District Court,Urdu,Corporate,A false fraud case has been registered against me regarding a bounced cheque. How do I get pre-arrest bail?,9.35,Criminal
PK-MUX-2024-0264,2023-06-12,High Court,English,Individual,There is a dispute over the boundaries of our house with our neighbor. How can we request a legal land demarcation?,6.7,Property
PK-KHI-2025-1037,2024-05-24,District Court,English,Individual,A private hospital charged us excessively and committed medical negligence during a surgery. Where do we complain?,2.24,Consumer
PK-FSD-2025-0779,2024-11-13,District Court,Urdu,Individual,How do I verify the registry and fard of a commercial property before purchasing it to avoid scams?,7.74,Property
PK-MUX-2024-0719,2023-07-07,District Court,English,Individual,We bought a plot of land in a housing society but the developer is not giving possession or registration (registry/intiqal). What should we do?,6.93,Property
PK-KHI-2025-0295,2024-02-06,District Court,Urdu,Individual,Can a gift deed (Hiba) of a house to a grandson be challenged in court by other legal heirs?,6.17,Property
PK-FSD-2023-1025,2023-04-03,District Court,English,Individual,How do I verify the registry and fard of a commercial property before purchasing it to avoid scams?,7.52,Property
PK-RWP-2022-1094,2024-11-16,District Court,Urdu,Individual,What are the legal rights of a woman regarding dower (Mehr) and dowry articles (Saman-e-Harb) after divorce?,6.88,Family
PK-FSD-2026-0652,2022-09-27,District Court,Urdu,Individual,My landlord is trying to evict me forcefully without giving the 3-month notice period written in our tenancy agreement.,,Tenant
PK-LHR-2026-0893,2025-09-22,District Court,English,Corporate,How do I verify the registry and fard of a commercial property before purchasing it to avoid scams?,,Property
PK-RWP-2025-0660,2023-11-02,District Court,Urdu,Individual,My relative has been arrested by police under Section 302 of PPC. How can we apply for post-arrest bail in the High Court?,7.81,Criminal
PK-FSD-2025-0948,2023-07-04,District Court,Urdu,Individual,We bought a plot of land in a housing society but the developer is not giving possession or registration (registry/intiqal). What should we do?,6.95,Property
PK-MUX-2023-0912,2024-04-26,District Court,Urdu,Individual,"The rented house needs urgent structural repairs, but the landlord refuses to pay for maintenance. Can I deduct it from the rent?",5.3,Tenant
PK-RWP-2025-1083,2025-08-11,District Court,English,Individual,What are the legal rights of a woman regarding dower (Mehr) and dowry articles (Saman-e-Harb) after divorce?,8.49,Family
PK-ISB-2022-0105,2024-06-20,District Court,Urdu,Individual,An online store delivered a damaged mobile phone and is refusing a refund or replacement. How do I send them a legal notice?,4.48,Consumer
PK-FSD-2022-0071,2024-06-06,Supreme Court,Urdu,Corporate,I need advice on child custody and guardianship laws in Pakistan. The father is refusing to pay monthly maintenance.,7.85,Family
PK-KHI-2022-0626,2023-01-14,District Court,Urdu,,We bought a plot of land in a housing society but the developer is not giving possession or registration (registry/intiqal). What should we do?,5.81,Property
PK-LHR-2024-0234,2023-08-28,District Court,Urdu,Individual,There is a dispute over the boundaries of our house with our neighbor. How can we request a legal land demarcation?,9.57,Property
PK-FSD-2023-0347,2026-02-09,High Court,Urdu,Individual,My sister wants to file for Khula (divorce) from her husband due to cruelty and non-maintenance. What is the procedure in family court?,4.31,Family
PK-ISB-2022-0745,2026-02-07,District Court,English,Individual,My landlord is trying to evict me forcefully without giving the 3-month notice period written in our tenancy agreement.,4.13,Tenant
PK-KHI-2023-0989,2024-02-09,District Court,English,NGO,My husband has married a second time without my permission or consent from the Arbitration Council. Is this illegal?,6.03,Family
PK-LHR-2023-0402,2022-03-09,District Court,Urdu,,We were assaulted and harassed by some local goons. The police are refusing to register our complaint. Can we file a petition under 22-A/22-B?,8.51,Criminal
PK-RWP-2026-1117,2024-10-05,District Court,Urdu,Individual,My husband has married a second time without my permission or consent from the Arbitration Council. Is this illegal?,5.93,Family
PK-RWP-2024-0520,2023-12-13,Supreme Court,English,Individual,Our employer is paying us less than the government-mandated minimum wage in Punjab. Can we report this to the labor inspector?,3.5,Labor
PK-LHR-2026-0509,2024-12-06,District Court,English,Individual,How do I verify the registry and fard of a commercial property before purchasing it to avoid scams?,6.0,Property
PK-LHR-2025-1001,2025-03-04,District Court,Urdu,NGO,I suffered an injury on the job due to lack of safety equipment. Am I entitled to compensation under the Workmen's Compensation Act?,,Labor
PK-ISB-2023-0049,2024-05-30,High Court,Urdu,Individual,Someone stole my motorcycle from the parking area. What is the procedure to report this theft and get a police report for insurance?,,Criminal
PK-RWP-2023-1169,2022-02-26,District Court,English,Government,Can a gift deed (Hiba) of a house to a grandson be challenged in court by other legal heirs?,8.02,Property
PK-LHR-2024-0386,2024-03-25,District Court,Urdu,Individual,My husband has married a second time without my permission or consent from the Arbitration Council. Is this illegal?,6.41,Family
PK-ISB-2024-0302,2023-02-08,District Court,English,Corporate,My husband has married a second time without my permission or consent from the Arbitration Council. Is this illegal?,6.9,Family
PK-LHR-2023-0981,2022-07-17,High Court,Urdu,Individual,A relative has illeglly occupied our ancestral agricultural land in Faisalabad. Can we file a suit for possession and permanent injunction?,7.51,Property
PK-RWP-2026-0179,2022-02-11,District Court,English,Individual,What are the legal rights of a woman regarding dower (Mehr) and dowry articles (Saman-e-Harb) after divorce?,9.26,Family
PK-RWP-2024-0201,2022-09-14,District Court,Urdu,Individual,A relative has illegally occupied our ancestral agricultural land in Faisalabad. Can we file a suit for possession and permanent injunction?,7.67,Property
PK-FSD-2026-0669,2024-05-18,District Court,English,Individual,A relative has illegally occupied our ancestral agricultural land in Faisalabad. Can we file a suit for possession and permanent injunction?,8.31,Property
PK-RWP-2024-1048,2025-09-11,District Court,English,Individual,"Our tenancy agreement has expired, and the landlord is refusing to return our security deposit of two months.",6.77,Tenant
PK-LHR-2023-0939,2023-08-19,District Court,Urdu,Corporate,We were assaulted and harassed by some local goons. The police are refusing to register our complaint. Can we file a petition under 22-A/22-B?,7.82,Criminal
PK-KHI-2022-0231,2024-03-24,High Court,English,Individual,We were assaulted and harassed by some local goons. The police are refusing to register our complaint. Can we file a petition under 22-A/22-B?,8.76,Criminal
PK-ISB-2025-0730,2025-06-21,District Court,English,Individual,I need to file an FIR at the police station regarding a theft/robbery that occurred at my house last night in Lahore.,8.74,Criminal
PK-MUX-2026-0450,2022-09-10,High Court,English,Individual,A false fraud case has been registered against me regarding a bounced cheque. How do I get pre-arrest bail?,8.42,Criminal
PK-RWP-2026-1165,2023-10-13,District Court,Urdu,Government,Our employer is paying us less than the government-mandated minimum wage in Punjab. Can we report this to the labor inspector?,8.43,Labor
PK-RWP-2025-1093,2025-02-25,High Court,English,Individual,My relative has been arrested by police under Section 302 of PPC. How can we apply for post-arrest bail in the High Court?,8.56,Criminal
PK-MUX-2023-0703,2024-09-28,District Court,English,Corporate,I need to file an FIR at the police station regarding a theft/robbery that occurred at my house last night in Lahore.,6.81,Criminal
PK-ISB-2023-1096,2023-07-08,High Court,English,Government,"The landlord is demanding a 30% rent increase, which is higher than the legally allowed limit in the Rent Restriction Act.",5.09,Tenant
PK-RWP-2023-0810,2024-06-25,District Court,Urdu,Individual,How do I verify the registry and fard of a commercial property before purchasing it to avoid scams?,6.78,Property
PK-MUX-2025-0076,2025-08-15,High Court,English,Individual,How do I verify the registry and fard of a commercial property before purchasing it to avoid scams?,7.1,Property
PK-ISB-2024-0880,2025-07-08,District Court,English,Individual,I need to file an FIR at the police station regarding a theft/robbery that occurred at my house last night in Lahore.,10.0,Criminal
PK-KHI-2026-0297,2024-09-16,District Court,English,Individual,Someone stole my motorcycle from the parking area. What is the procedure to report this theft and get a police report for insurance?,8.87,Criminal
PK-FSD-2022-1121,2025-11-26,Supreme Court,English,Individual,Can a gift deed (Hiba) of a house to a grandson be challenged in cort by other legl heirs?,8.42,Property
PK-MUX-2025-0860,2022-09-26,High Court,Urdu,Individual,The company is refusing to pay maternity leave benefits to a female employee. What legal actions can we take?,5.74,Labor
PK-KHI-2025-0716,2025-04-28,District Court,English,Individual,We were assaulted and harassed by some local goons. The police are refusing to register our complaint. Can we file a petition under 22-A/22-B?,8.64,Criminal
PK-ISB-2022-0125,2025-11-14,District Court,English,NGO,How do I verify the registry and fard of a commercial proprty before purchasing it to avoid scams?,9.63,Property
PK-MUX-2025-0687,2023-12-21,District Court,English,Individual,My sister wants to file for Khula (divorce) from her husband due to cruelty and non-maintenance. What is the procedure in family court?,5.55,Family
PK-FSD-2022-1074,2024-01-06,High Court,Urdu,Individual,What are the legl rights of a woman regarding dower (Mehr) and dowry articles (Saman-e-Harb) after divorce?,7.2,Family
PK-KHI-2025-0551,2025-02-22,District Court,English,Individual,I want to know the legal share of daughters in the inheritance of their late father's property under Islamic law.,5.81,Family
PK-MUX-2023-1004,2022-01-26,District Court,English,Individual,There is a dispute over the boundaries of our house with our neighbor. How can we request a legal land demarcation?,7.84,Property
PK-MUX-2023-1071,2024-04-03,District Court,English,Individual,I need to file an FIR at the police station regarding a theft/robbery that occurred at my house last night in Lahore.,9.07,Criminal
PK-MUX-2022-0607,2023-01-13,District Court,Urdu,Individual,What are the legal rights of a woman regarding dower (Mehr) and dowry articles (Saman-e-Harb) after divorce?,4.51,Family
PK-ISB-2024-0760,2023-07-10,District Court,Urdu,Individual,My husband has married a second time without my permission or consent from the Arbitration Council. Is this illegal?,5.31,Family
PK-LHR-2023-1144,2024-03-06,High Court,Urdu,Individual,I want to know the legal share of daughters in the inheritance of their late father's property under Islamic law.,5.79,Family
PK-LHR-2023-0020,2022-05-19,High Court,Urdu,Individual,A relative has illegally occupied our ancestral agricultural land in Faisalabad. Can we file a suit for possession and permanent injunction?,8.76,Property
PK-KHI-2024-0808,2024-08-31,High Court,Urdu,Individual,The airline lost my luggage during a domestic flight and is offering very low compensation. Can I sue them in consumer cort?,5.51,Consumer
PK-FSD-2023-1109,2022-01-03,High Court,English,Individual,I need advice on child custody and guardianship laws in Pakistan. The father is refusing to pay monthly maintenance.,8.3,Family
PK-ISB-2025-0540,2025-07-16,District Court,English,Corporate,We bought a plot of land in a housing society but the developer is not giving possession or registration (registry/intiqal). What should we do?,8.0,Property
PK-LHR-2024-0277,2025-05-24,High Court,Urdu,Individual,We were assaulted and harassed by some local goons. The police are refusing to register our complaint. Can we file a petition under 22-A/22-B?,,Criminal
PK-LHR-2023-0577,2023-01-05,District Court,English,Individual,My husband has married a second time without my permission or consent from the Arbitration Council. Is this illegal?,6.93,Family
PK-RWP-2025-0796,2025-10-07,High Court,English,Individual,A false fraud case has been registered against me regarding a bounced cheque. How do I get pre-arrest bail?,8.45,Criminal
PK-MUX-2024-0848,2023-10-05,District Court,English,Individual,My husband has married a second time without my permission or consent from the Arbitration Council. Is this illegal?,5.23,Family
PK-RWP-2026-0256,2022-10-02,District Court,English,Individual,I purchased a refrigerator which stopped working within 3 days. The dealer is refusing to honor the warranty. Can I file a claim in Consumer Court?,5.52,Consumer
PK-MUX-2025-0696,2022-09-06,District Court,Urdu,Individual,We were assaulted and harassed by some local goons. The police are refusing to register our complaint. Can we file a petition under 22-A/22-B?,8.89,Criminal
PK-LHR-2024-0398,2023-09-13,District Court,Urdu,Corporate,I was terminated from my factory job without any notice or payment of dues. Where can I file a complaint for reinstatement and gratuity?,5.36,Labor
PK-MUX-2024-0319,2022-05-10,High Court,English,NGO,I need advice on child custody and guardianship laws in Pakistan. The father is refusing to pay monthly maintenance.,5.84,Family
PK-LHR-2023-1184,2025-09-07,District Court,English,Individual,My sister wants to file for Khula (divorce) from her husband due to cruelty and non-maintenance. What is the procedure in family court?,4.81,Family
PK-KHI-2024-0211,2026-01-29,District Court,English,Individual,I need to file an FIR at the police station regarding a theft/robbery that occurred at my house last night in Lahore.,9.86,Criminal
PK-ISB-2023-1009,2025-12-12,District Court,English,Individual,I need to file an FIR at the police station regarding a theft/robbery that occurred at my house last night in Lahore.,7.86,Criminal
PK-KHI-2022-0089,2022-05-03,District Court,English,Individual,"I want to sublet a portion of my rented shop, but the landlord is objecting despite our oral agreement. What does the law say?",5.62,Tenant
PK-RWP-2024-0404,2023-12-07,District Court,Urdu,,My sister wants to file for Khula (divorce) from her husband due to cruelty and non-maintenance. What is the procedure in family court?,5.46,Family
PK-KHI-2026-0740,2022-11-26,High Court,English,Government,My relative has been arrested by police under Section 302 of PPC. How can we apply for post-arrest bail in the High Court?,6.29,Criminal
PK-FSD-2024-0191,2025-08-23,District Court,Urdu,Individual,I need advice on child custody and guardianship laws in Pakistan. The father is refusing to pay monthly maintenance.,7.03,Family
PK-LHR-2022-0767,2025-09-13,District Court,English,Individual,We were assaulted and harassed by some local goons. The police are refusing to register our complaint. Can we file a petition under 22-A/22-B?,10.0,Criminal
PK-MUX-2024-0916,2026-01-10,District Court,Urdu,NGO,I was terminated from my factory job without any notice or payment of dues. Where can I file a complaint for reinstatement and gratuity?,6.23,Labor
PK-FSD-2022-0962,2024-12-30,District Court,English,Individual,Someone stole my motorcycle from the parking area. What is the procedure to report this theft and get a police report for insurance?,8.74,Criminal
PK-KHI-2025-1102,2023-01-14,High Court,English,Individual,My relative has been arrested by police under Section 302 of PPC. How can we apply for post-arrest bail in the High Court?,10.0,Criminal
PK-MUX-2023-0474,2022-02-18,District Court,English,Individual,My landlord is trying to evict me forcefully without giving the 3-month notice period written in our tenancy agreement.,6.97,Tenant
PK-ISB-2025-1136,2022-09-26,District Court,English,Corporate,"The rented house needs urgent structural repairs, but the landlord refuses to pay for maintenance. Can I deduct it from the rent?",6.43,Tenant
PK-LHR-2025-1125,2024-05-17,District Court,Urdu,Individual,What are the legal rights of a woman regarding dower (Mehr) and dowry articles (Saman-e-Harb) after divorce?,4.62,Family
PK-KHI-2024-0027,2023-03-22,Supreme Court,English,Individual,What are the legl rights of a woman regarding dower (Mehr) and dowry articles (Saman-e-Harb) after divorce?,6.45,Family
PK-KHI-2024-0223,2025-02-16,District Court,Urdu,Government,We were assaulted and harassed by some local goons. The police are refusing to register our complaint. Can we file a petition under 22-A/22-B?,6.56,Criminal
PK-ISB-2026-0216,2024-11-09,District Court,Urdu,Individual,I need to file an FIR at the police station regarding a theft/robbery that occurred at my house last night in Lahore.,7.57,Criminal
PK-FSD-2026-0248,2024-05-18,District Court,Urdu,Individual,A private hospital charged us excessively and committed medical negligence during a surgery. Where do we complain?,6.12,Consumer
PK-RWP-2025-0189,2022-03-13,District Court,English,Individual,We were assaulted and harassed by some local goons. The police are refusing to register our complaint. Can we file a petition under 22-A/22-B?,6.68,Criminal
PK-MUX-2022-0956,2024-08-24,District Court,Urdu,NGO,The company is refusing to pay maternity leave benefits to a female employee. What legal actions can we take?,5.91,Labor
PK-LHR-2025-0391,2022-12-21,High Court,English,Individual,A relative has illeglly occupied our ancestral agricultural land in Faisalabad. Can we file a suit for possession and permanent injunction?,7.59,Property
PK-ISB-2025-0736,2025-10-29,District Court,English,Individual,There is a dispute over the boundaries of our house with our neighbor. How can we request a legal land demarcation?,7.31,Property
PK-LHR-2024-0070,2024-12-27,District Court,English,Individual,What are the legl rights of a woman regarding dower (Mehr) and dowry articles (Saman-e-Harb) after divorce?,,Family
PK-LHR-2023-0799,2024-04-24,District Court,English,Individual,My husband has married a second time without my permission or consent from the Arbitration Council. Is this illegal?,6.04,Family
PK-KHI-2022-0852,2022-02-02,District Court,English,Individual,Someone stole my motorcycle from the parking area. What is the procedure to report this theft and get a police report for insurance?,7.74,Criminal
PK-ISB-2025-0699,2022-06-23,High Court,English,Individual,We bought a plot of land in a housing society but the developer is not giving possession or registration (registry/intiqal). What should we do?,6.78,Property
PK-RWP-2024-0602,2022-05-07,District Court,Urdu,Corporate,I need to file an FIR at the police station regarding a theft/robbery that occurred at my house last night in Lahore.,9.54,Criminal
PK-MUX-2024-0533,2024-01-18,High Court,English,Individual,My relative has been arrested by police under Section 302 of PPC. How can we apply for post-arrest bail in the High Court?,7.05,Criminal
PK-ISB-2025-0356,2024-11-17,District Court,English,Corporate,A relative has illeglly occupied our ancestral agricultural land in Faisalabad. Can we file a suit for possession and permanent injunction?,6.98,Property
PK-KHI-2026-0909,2023-07-27,High Court,English,Individual,We were assaulted and harassed by some local goons. The police are refusing to register our complaint. Can we file a petition under 22-A/22-B?,10.0,Criminal
PK-MUX-2023-1052,2025-01-02,District Court,Urdu,Individual,A relative has illegally occupied our ancestral agricultural land in Faisalabad. Can we file a suit for possession and permanent injunction?,7.59,Property
PK-KHI-2023-0994,2024-11-05,District Court,Urdu,Individual,Our employer is paying us less than the government-mandated minimum wage in Punjab. Can we report this to the labor inspector?,4.3,Labor
PK-RWP-2022-0847,2022-08-22,High Court,English,Individual,I want to know the legl share of daughters in the inheritance of their late father's proprty under Islamic law.,8.95,Family
PK-MUX-2022-1023,2025-09-24,District Court,English,Individual,My landlord is trying to evict me forcefully without giving the 3-month notice period written in our tenancy agreement.,7.57,Tenant
PK-FSD-2023-0219,2025-10-26,District Court,English,Individual,A relative has illeglly occupied our ancestral agricultural land in Faisalabad. Can we file a suit for possession and permanent injunction?,7.1,Property
PK-KHI-2026-0233,2024-08-16,District Court,Urdu,Individual,The company is refusing to pay maternity leave benefits to a female employee. What legal actions can we take?,4.72,Labor
PK-LHR-2023-0735,2023-07-20,District Court,English,Individual,"The landlord is demanding a 30% rent increase, which is higher than the legally allowed limit in the Rent Restriction Act.",5.57,Tenant
PK-LHR-2022-0771,2023-03-15,High Court,Urdu,Individual,Can a gift deed (Hiba) of a house to a grandson be challenged in court by other legal heirs?,6.33,Property
PK-MUX-2026-0414,2026-04-12,High Court,Urdu,Corporate,We bought a plot of land in a housing society but the developer is not giving possession or registration (registry/intiqal). What should we do?,7.4,Property
PK-RWP-2023-0288,2023-10-30,District Court,Urdu,Individual,We bought a plot of land in a housing society but the developer is not giving possession or registration (registry/intiqal). What should we do?,7.34,Property
PK-KHI-2022-0377,2025-12-22,District Court,Urdu,Individual,I purchased a refrigerator which stopped working within 3 days. The dealer is refusing to honor the warranty. Can I file a claim in Consumer Court?,,Consumer
PK-ISB-2025-0672,2024-11-24,District Court,Urdu,Individual,"I ordered custom furniture, but it was delivered with poor quality wood and wrong dimensions. Can I claim damages?",3.59,Consumer
PK-KHI-2026-1024,2026-04-19,High Court,English,Individual,Someone stole my motorcycle from the parking area. What is the procedure to report this theft and get a police report for insurance?,10.0,Criminal
PK-ISB-2026-0366,2023-04-22,Supreme Court,English,Individual,What are the legal rights of a woman regarding dower (Mehr) and dowry articles (Saman-e-Harb) after divorce?,6.27,Family
PK-KHI-2025-0859,2023-12-06,District Court,English,Individual,We were assaulted and harassed by some local goons. The police are refusing to register our complaint. Can we file a petition under 22-A/22-B?,9.26,Criminal
PK-LHR-2023-0514,2024-03-07,Supreme Court,English,Individual,A relative has illegally occupied our ancestral agricultural land in Faisalabad. Can we file a suit for possession and permanent injunction?,6.31,Property
PK-RWP-2022-0923,2026-02-19,District Court,Urdu,,My relative has been arrested by police under Section 302 of PPC. How can we apply for post-arrest bail in the High Court?,7.66,Criminal
PK-RWP-2024-0908,2022-04-04,District Court,English,Individual,I need to file an FIR at the police station regarding a theft/robbery that occurred at my house last night in Lahore.,9.27,Criminal
PK-MUX-2025-1137,2023-05-05,District Court,Urdu,Individual,A relative has illegally occupied our ancestral agricultural land in Faisalabad. Can we file a suit for possession and permanent injunction?,5.53,Property
PK-LHR-2026-0770,2026-04-13,District Court,English,Individual,What are the legal rights of a woman regarding dower (Mehr) and dowry articles (Saman-e-Harb) after divorce?,6.85,Family
PK-RWP-2023-0967,2024-10-26,High Court,English,Individual,"The landlord is demanding a 30% rent increase, which is higher than the legally allowed limit in the Rent Restriction Act.",7.16,Tenant
PK-MUX-2026-0564,2022-08-08,District Court,English,Government,How do I verify the registry and fard of a commercial property before purchasing it to avoid scams?,8.44,Property
PK-MUX-2022-0930,2024-07-18,District Court,English,Individual,I need to file an FIR at the police station regarding a theft/robbery that occurred at my house last night in Lahore.,7.83,Criminal
PK-LHR-2022-0932,2022-09-19,District Court,English,NGO,We were assaulted and harassed by some local goons. The police are refusing to register our complaint. Can we file a petition under 22-A/22-B?,6.76,Criminal
PK-KHI-2025-0606,2026-04-27,District Court,Urdu,Corporate,I suffered an injury on the job due to lack of safety equipment. Am I entitled to compensation under the Workmen's Compensation Act?,4.57,Labor
PK-RWP-2025-0333,2024-01-19,District Court,English,Individual,I was terminated from my factory job without any notice or payment of dues. Where can I file a complaint for reinstatement and gratuity?,4.69,Labor
PK-LHR-2023-1011,2022-06-13,District Court,English,Individual,"Our tenancy agreement has expired, and the landlord is refusing to return our security deposit of two months.",78.6,Tenant
PK-ISB-2024-0627,2022-06-29,District Court,English,Individual,I suffered an injury on the job due to lack of safety equipment. Am I entitled to compensation under the Workmen's Compensation Act?,5.35,Labor
PK-FSD-2025-0104,2025-09-21,High Court,Urdu,,We bought a plot of land in a housing society but the developer is not giving possession or registration (registry/intiqal). What should we do?,6.81,Property
PK-RWP-2023-0128,2025-04-15,District Court,Urdu,Individual,Our employer is paying us less than the government-mandated minimum wage in Punjab. Can we report this to the labor inspector?,-28.1,Labor
PK-FSD-2026-1070,2024-09-26,District Court,English,Individual,We were assaulted and harassed by some local goons. The police are refusing to register our complaint. Can we file a petition under 22-A/22-B?,8.44,Criminal
PK-ISB-2024-0865,2026-04-25,District Court,Urdu,Individual,My relative has been arrested by police under Section 302 of PPC. How can we apply for post-arrest bail in the High Court?,,Criminal
PK-KHI-2025-0563,2022-07-07,District Court,English,NGO,I need to file an FIR at the police station regarding a theft/robbery that occurred at my house last night in Lahore.,8.11,Criminal
PK-ISB-2024-0630,2024-12-15,District Court,English,Individual,We bought a plot of land in a housing society but the developer is not giving possession or registration (registry/intiqal). What should we do?,4.97,Property
PK-LHR-2025-0824,2022-09-30,High Court,Urdu,Individual,I need advice on child custody and guardianship laws in Pakistan. The father is refusing to pay monthly maintenance.,5.47,Family
PK-RWP-2023-0241,2025-03-18,District Court,English,Corporate,I want to know the legl share of daughters in the inheritance of their late father's proprty under Islamic law.,5.86,Family
PK-MUX-2024-0845,2023-05-25,District Court,English,Individual,I purchased a refrigerator which stopped working within 3 days. The dealer is refusing to honor the warranty. Can I file a claim in Consumer Court?,4.59,Consumer
PK-MUX-2022-0971,2023-05-06,High Court,English,Corporate,A false fraud case has been registered against me regarding a bounced cheque. How do I get pre-arrest bail?,7.68,Criminal
PK-ISB-2025-0868,2026-04-10,District Court,Urdu,Individual,We were assaulted and harassed by some local goons. The police are refusing to register our complaint. Can we file a petition under 22-A/22-B?,9.29,Criminal
PK-ISB-2023-0006,2024-01-29,District Court,Urdu,Individual,My sister wants to file for Khula (divorce) from her husband due to cruelty and non-maintenance. What is the procedure in family court?,7.9,Family
PK-KHI-2025-1170,2025-07-23,District Court,English,Individual,A relative has illegally occupied our ancestral agricultural land in Faisalabad. Can we file a suit for possession and permanent injunction?,7.91,Property
PK-FSD-2022-0403,2025-10-27,District Court,English,Individual,I need advice on child custody and guardianship laws in Pakistan. The father is refusing to pay monthly maintenance.,6.06,Family
PK-FSD-2026-0222,2023-12-03,District Court,Urdu,Corporate,"Our tenancy agreement has expired, and the landlord is refusing to return our security deposit of two months.",5.82,Tenant
PK-ISB-2022-0549,2022-01-01,District Court,Urdu,Individual,We were assaulted and harassed by some local goons. The police are refusing to register our complaint. Can we file a petition under 22-A/22-B?,7.78,Criminal
PK-KHI-2025-0958,2026-04-27,High Court,English,Individual,A false fraud case has been registered against me regarding a bounced cheque. How do I get pre-arrest bail?,9.18,Criminal
PK-KHI-2025-1112,2024-12-22,District Court,English,Individual,How do I verify the registry and fard of a commercial property before purchasing it to avoid scams?,8.04,Property
PK-RWP-2023-0892,2026-04-10,District Court,Urdu,Individual,There is a dispute over the boundaries of our house with our neighbor. How can we request a legl land demarcation?,8.28,Property
PK-RWP-2023-0061,2024-09-26,District Court,English,Individual,What are the legal rights of a woman regarding dower (Mehr) and dowry articles (Saman-e-Harb) after divorce?,5.78,Family
PK-MUX-2023-0526,2024-10-18,High Court,English,Individual,We were assaulted and harassed by some local goons. The police are refusing to register our complaint. Can we file a petition under 22-A/22-B?,6.55,Criminal
PK-RWP-2026-0445,2023-02-28,District Court,English,Individual,We bought a plot of land in a housing society but the developer is not giving possession or registration (registry/intiqal). What should we do?,7.8,Property
PK-MUX-2023-0062,2024-08-15,High Court,Urdu,Individual,There is a dispute over the boundaries of our house with our neighbor. How can we request a legal land demarcation?,5.67,Property
PK-MUX-2025-0037,2025-02-22,District Court,English,Corporate,I need advice on child custody and guardianship laws in Pakistan. The father is refusing to pay monthly maintenance.,3.65,Family
PK-ISB-2023-0642,2024-12-11,District Court,English,Individual,Our employer is paying us less than the government-mandated minimum wage in Punjab. Can we report this to the labor inspector?,5.19,Labor
PK-FSD-2025-1116,2025-05-17,High Court,English,Corporate,I need advice on child custody and guardianship laws in Pakistan. The father is refusing to pay monthly maintenance.,8.88,Family
PK-LHR-2024-0640,2024-02-08,District Court,Urdu,Individual,Someone stole my motorcycle from the parking area. What is the procedure to report this theft and get a police report for insurance?,8.1,Criminal
PK-FSD-2025-0625,2024-06-23,District Court,Urdu,Individual,Can a gift deed (Hiba) of a house to a grandson be challenged in court by other legal heirs?,6.39,Property
PK-FSD-2022-1021,2024-09-14,District Court,English,Individual,My sister wants to file for Khula (divorce) from her husband due to cruelty and non-maintenance. What is the procedur in family cort?,5.31,Family
PK-KHI-2022-0165,2023-08-29,High Court,English,Individual,The airline lost my luggage during a domestic flight and is offering very low compensation. Can I sue them in consumer cort?,4.5,Consumer
PK-MUX-2025-0618,2022-07-05,High Court,English,Individual,My husband has married a second time without my permission or consent from the Arbitration Council. Is this illegl?,6.58,Family
PK-ISB-2022-1042,2025-04-29,District Court,English,Individual,I want to know the legal share of daughters in the inheritance of their late father's property under Islamic law.,7.29,Family
PK-LHR-2026-0354,2024-01-04,Supreme Court,English,Individual,We were assaulted and harassed by some local goons. The police are refusing to register our complaint. Can we file a petition under 22-A/22-B?,,Criminal
PK-FSD-2025-0550,2023-09-06,District Court,English,Individual,My relative has been arrested by police under Section 302 of PPC. How can we apply for post-arrest bail in the High Court?,8.6,Criminal
PK-LHR-2023-1081,2024-04-01,District Court,Urdu,NGO,Someone stole my motorcycle from the parking area. What is the procedur to report this theft and get a police report for insurance?,8.08,Criminal
PK-FSD-2025-0400,2026-04-05,District Court,English,Individual,My relative has been arrested by police under Section 302 of PPC. How can we apply for post-arrest bail in the High Court?,6.59,Criminal
PK-RWP-2026-0369,2022-10-19,District Court,English,Government,There is a dispute over the boundaries of our house with our neighbor. How can we request a legal land demarcation?,6.07,Property
PK-RWP-2024-0602,2022-05-07,District Court,Urdu,Corporate,I need to file an FIR at the police station regarding a theft/robbery that occurred at my house last night in Lahore.,9.54,Criminal
PK-FSD-2026-0012,2023-05-30,Supreme Court,Urdu,,My sister wants to file for Khula (divorce) from her husband due to cruelty and non-maintenance. What is the procedure in family court?,6.29,Family
PK-RWP-2026-1176,2025-01-24,District Court,English,Individual,My sister wants to file for Khula (divorce) from her husband due to cruelty and non-maintenance. What is the procedure in family court?,3.97,Family
PK-FSD-2022-1008,2022-07-18,District Court,Urdu,Individual,We were assaulted and harassed by some local goons. The police are refusing to register our complaint. Can we file a petition under 22-A/22-B?,9.76,Criminal
PK-RWP-2023-0439,2025-10-03,High Court,English,Individual,My husband has married a second time without my permission or consent from the Arbitration Council. Is this illegl?,,Family
PK-ISB-2025-0286,2023-11-17,District Court,Urdu,Individual,My husband has married a second time without my permission or consent from the Arbitration Council. Is this illegl?,5.82,Family
PK-RWP-2026-0144,2022-06-23,High Court,English,Individual,We bought a plot of land in a housing society but the developer is not giving possession or registration (registry/intiqal). What should we do?,7.31,Property
PK-KHI-2026-0405,2026-05-17,Supreme Court,Urdu,Individual,I need advice on child custody and guardianship laws in Pakistan. The father is refusing to pay monthly maintenance.,6.75,Family
PK-RWP-2023-0593,2024-06-21,District Court,Urdu,Individual,I suffered an injury on the job due to lack of safety equipment. Am I entitled to compensation under the Workmen's Compensation Act?,5.9,Labor
PK-RWP-2024-0413,2022-12-15,High Court,Urdu,,We bought a plot of land in a housing society but the developer is not giving possession or registration (registry/intiqal). What should we do?,8.53,Property
PK-FSD-2023-1076,2023-10-28,High Court,Urdu,Individual,I want to know the legl share of daughters in the inheritance of their late father's proprty under Islamic law.,4.13,Family
PK-ISB-2024-0578,2025-01-31,Supreme Court,English,Individual,I want to know the legal share of daughters in the inheritance of their late father's property under Islamic law.,4.23,Family
PK-ISB-2026-0477,2022-08-06,District Court,Urdu,Individual,I suffered an injury on the job due to lack of safety equipment. Am I entitled to compensation under the Workmen's Compensation Act?,5.87,Labor
PK-FSD-2022-1152,2025-02-22,High Court,English,Individual,Can a gift deed (Hiba) of a house to a grandson be challenged in court by other legal heirs?,6.23,Property
PK-FSD-2023-1199,2024-09-25,District Court,English,Individual,My husband has married a second time without my permission or consent from the Arbitration Council. Is this illegal?,7.64,Family
PK-KHI-2023-0025,2024-04-12,District Court,English,Individual,My landlord is trying to evict me forcefully without giving the 3-month notice period written in our tenancy agreement.,5.13,Tenant
PK-MUX-2022-0589,2025-01-27,District Court,English,Individual,I need advice on child custody and guardianship laws in Pakistan. The father is refusing to pay monthly maintenance.,4.97,Family
PK-ISB-2024-0675,2022-12-10,District Court,Urdu,Individual,The airline lost my luggage during a domestic flight and is offering very low compensation. Can I sue them in consumer court?,3.07,Consumer
PK-RWP-2024-0081,2025-11-29,High Court,Urdu,Individual,I purchased a refrigerator which stopped working within 3 days. The dealer is refusing to honor the warranty. Can I file a claim in Consumer Court?,4.43,Consumer
PK-LHR-2025-0361,2025-10-31,District Court,English,Corporate,What are the legal rights of a woman regarding dower (Mehr) and dowry articles (Saman-e-Harb) after divorce?,7.84,Family
PK-LHR-2025-0133,2025-12-29,High Court,English,Individual,My husband has married a second time without my permission or consent from the Arbitration Council. Is this illegl?,6.57,Family
PK-LHR-2022-0001,2023-03-24,District Court,Urdu,Individual,My husband has married a second time without my permission or consent from the Arbitration Council. Is this illegal?,5.83,Family
PK-LHR-2023-0293,2025-09-08,District Court,English,Individual,"I want to sublet a portion of my rented shop, but the landlord is objecting despite our oral agreement. What does the law say?",6.02,Tenant
PK-KHI-2023-0019,2022-05-12,District Court,English,,I need advice on child custody and guardianship laws in Pakistan. The father is refusing to pay monthly maintenance.,4.31,Family
PK-KHI-2025-0029,2022-09-03,High Court,English,Individual,We bought a plot of land in a housing society but the developer is not giving possession or registration (registry/intiqal). What should we do?,6.65,Property
PK-ISB-2023-0334,2022-03-23,High Court,Urdu,Individual,We were assaulted and harassed by some local goons. The police are refusing to register our complaint. Can we file a petition under 22-A/22-B?,9.67,Criminal
PK-FSD-2025-0886,2026-02-07,Supreme Court,Urdu,Individual,I need advice on child custody and guardianship laws in Pakistan. The father is refusing to pay monthly maintenance.,6.7,Family
PK-RWP-2024-0851,2025-11-15,District Court,Urdu,Individual,We were assaulted and harassed by some local goons. The police are refusing to register our complaint. Can we file a petition under 22-A/22-B?,7.83,Criminal
PK-LHR-2024-0501,2022-06-25,District Court,Urdu,Individual,I want to know the legal share of daughters in the inheritance of their late father's property under Islamic law.,8.29,Family
PK-ISB-2023-1050,2022-10-02,District Court,English,Individual,My relative has been arrested by police under Section 302 of PPC. How can we apply for post-arrest bail in the High Court?,7.75,Criminal
PK-RWP-2025-1195,2023-07-07,District Court,Urdu,Individual,I need to file an FIR at the police station regarding a theft/robbery that occurred at my house last night in Lahore.,9.03,Criminal
PK-KHI-2024-0583,2023-09-08,District Court,English,Corporate,My sister wants to file for Khula (divorce) from her husband due to cruelty and non-maintenance. What is the procedure in family court?,8.72,Family
PK-ISB-2022-0350,2022-03-31,High Court,Urdu,Individual,We were assaulted and harassed by some local goons. The police are refusing to register our complaint. Can we file a petition under 22-A/22-B?,8.87,Criminal
PK-FSD-2022-0083,2025-03-27,District Court,English,Individual,A false fraud case has been registered against me regarding a bounced cheque. How do I get pre-arrest bail?,7.88,Criminal
PK-LHR-2025-0881,2023-11-26,Supreme Court,Urdu,Government,My husband has married a second time without my permission or consent from the Arbitration Council. Is this illegal?,5.36,Family
PK-FSD-2024-0803,2025-10-07,District Court,English,NGO,"The landlord is demanding a 30% rent increase, which is higher than the legally allowed limit in the Rent Restriction Act.",4.45,Tenant
PK-RWP-2022-0896,2022-09-04,District Court,English,NGO,How do I verify the registry and fard of a commercial property before purchasing it to avoid scams?,6.8,Property
PK-FSD-2024-0495,2025-04-18,District Court,Urdu,Individual,I want to know the legal share of daughters in the inheritance of their late father's property under Islamic law.,6.65,Family
PK-MUX-2026-0330,2023-08-07,High Court,Urdu,Corporate,How do I verify the registry and fard of a commercial property before purchasing it to avoid scams?,6.99,Property
PK-LHR-2022-0053,2026-05-14,District Court,English,NGO,Can a gift deed (Hiba) of a house to a grandson be challenged in court by other legal heirs?,7.73,Property
PK-FSD-2026-0510,2023-06-04,District Court,English,Individual,A false fraud case has been registered against me regarding a bounced cheque. How do I get pre-arrest bail?,8.82,Criminal
PK-RWP-2025-0790,2023-07-01,District Court,English,,What are the legal rights of a woman regarding dower (Mehr) and dowry articles (Saman-e-Harb) after divorce?,6.52,Family
PK-ISB-2023-0173,2022-02-27,District Court,English,,A private hospital charged us excessively and committed medical negligence during a surgery. Where do we complain?,4.41,Consumer
PK-MUX-2022-0913,2025-01-08,District Court,Urdu,Individual,We bought a plot of land in a housing society but the developer is not giving possession or registration (registry/intiqal). What should we do?,8.89,Property
PK-LHR-2023-0436,2022-08-01,District Court,English,Corporate,There is a dispute over the boundaries of our house with our neighbor. How can we request a legal land demarcation?,8.95,Property
PK-RWP-2022-0488,2025-04-06,District Court,Urdu,Individual,I was terminated from my factory job without any notice or payment of dues. Where can I file a complaint for reinstatement and gratuity?,7.52,Labor
PK-KHI-2024-0769,2025-04-02,District Court,English,Individual,A false fraud case has been registered against me regarding a bounced cheque. How do I get pre-arrest bail?,10.0,Criminal
PK-KHI-2022-0934,2023-05-02,District Court,Urdu,Corporate,There is a dispute over the boundaries of our house with our neighbor. How can we request a legal land demarcation?,7.53,Property
PK-ISB-2024-0570,2024-04-19,District Court,English,Individual,I need to file an FIR at the police station regarding a theft/robbery that occurred at my house last night in Lahore.,,Criminal
PK-KHI-2026-0419,2026-04-15,District Court,Urdu,Individual,My relative has been arrested by police under Section 302 of PPC. How can we apply for post-arrest bail in the High Court?,8.58,Criminal
PK-KHI-2025-1171,2026-04-27,District Court,English,Individual,I need advice on child custody and guardianship laws in Pakistan. The father is refusing to pay monthly maintenance.,6.34,Family
PK-FSD-2025-0858,2022-08-28,District Court,Urdu,Individual,The company is refusing to pay maternity leave benefits to a female employee. What legl actions can we take?,4.84,Labor
PK-MUX-2022-0615,2024-12-02,District Court,English,Corporate,A relative has illegally occupied our ancestral agricultural land in Faisalabad. Can we file a suit for possession and permanent injunction?,7.16,Property
PK-RWP-2024-0466,2024-10-01,High Court,English,Individual,"Our tenancy agreement has expired, and the landlord is refusing to return our security deposit of two months.",5.74,Tenant
PK-ISB-2023-1185,2024-08-11,District Court,English,Individual,I need to file an FIR at the police station regarding a theft/robbery that occurred at my house last night in Lahore.,9.63,Criminal
PK-RWP-2022-0866,2025-12-17,District Court,Urdu,Individual,I was terminated from my factory job without any notice or payment of dues. Where can I file a complaint for reinstatement and gratuity?,5.84,Labor
PK-MUX-2026-0385,2024-09-10,District Court,English,Individual,I suffered an injury on the job due to lack of safety equipment. Am I entitled to compensation under the Workmen's Compensation Act?,5.68,Labor
PK-RWP-2024-0423,2024-06-07,High Court,Urdu,Individual,I want to know the legal share of daughters in the inheritance of their late father's property under Islamic law.,,Family
PK-FSD-2026-0544,2026-04-16,Supreme Court,English,Individual,I need to file an FIR at the police station regarding a theft/robbery that occurred at my house last night in Lahore.,5.53,Criminal
PK-LHR-2025-0149,2022-06-09,High Court,English,Individual,Someone stole my motorcycle from the parking area. What is the procedure to report this theft and get a police report for insurance?,8.86,Criminal
PK-MUX-2026-0516,2023-08-10,High Court,English,NGO,I need advice on child custody and guardianship laws in Pakistan. The father is refusing to pay monthly maintenance.,6.6,Family
PK-RWP-2025-0885,2025-04-19,District Court,Urdu,Corporate,My husband has married a second time without my permission or consent from the Arbitration Council. Is this illegal?,8.22,Family
PK-MUX-2026-0218,2025-03-28,District Court,English,Individual,A false fraud case has been registered against me regarding a bounced cheque. How do I get pre-arrest bail?,7.92,Criminal
PK-RWP-2026-0751,2022-06-26,District Court,English,Government,My husband has married a second time without my permission or consent from the Arbitration Council. Is this illegal?,4.38,Family
PK-ISB-2023-0747,2022-02-16,District Court,Urdu,Individual,We bought a plot of land in a housing society but the developer is not giving possession or registration (registry/intiqal). What should we do?,6.09,Property
PK-LHR-2022-1194,2023-06-16,High Court,English,Individual,What are the legl rights of a woman regarding dower (Mehr) and dowry articles (Saman-e-Harb) after divorce?,4.09,Family
PK-MUX-2026-0494,2025-07-21,High Court,Urdu,Individual,A false fraud case has been registered against me regarding a bounced cheque. How do I get pre-arrest bail?,10.0,Criminal
PK-MUX-2024-0639,2025-02-11,District Court,English,Individual,We were assaulted and harassed by some local goons. The police are refusing to register our complaint. Can we file a petition under 22-A/22-B?,6.95,Criminal
PK-RWP-2022-0464,2024-02-12,District Court,English,Individual,My relative has been arrested by police under Section 302 of PPC. How can we apply for post-arrest bail in the High Court?,8.37,Criminal
PK-KHI-2024-0945,2023-05-22,District Court,Urdu,Corporate,A false fraud case has been registered against me regarding a bounced cheque. How do I get pre-arrest bail?,7.22,Criminal
PK-LHR-2022-0143,2026-03-09,District Court,English,Individual,A relative has illegally occupied our ancestral agricultural land in Faisalabad. Can we file a suit for possession and permanent injunction?,7.22,Property
PK-RWP-2024-0126,2022-05-05,District Court,English,Individual,There is a dispute over the boundaries of our house with our neighbor. How can we request a legl land demarcation?,5.81,Property
PK-RWP-2022-0152,2024-12-22,District Court,Urdu,Individual,My relative has been arrested by police under Section 302 of PPC. How can we apply for post-arrest bail in the High Court?,7.68,Criminal
PK-ISB-2024-0238,2025-06-12,District Court,Urdu,Individual,There is a dispute over the boundaries of our house with our neighbor. How can we request a legal land demarcation?,6.21,Property
PK-RWP-2025-0752,2022-07-01,District Court,Urdu,Individual,My relative has been arrested by police under Section 302 of PPC. How can we apply for post-arrest bail in the High Court?,7.33,Criminal
PK-ISB-2026-0592,2025-09-04,District Court,English,Government,A false fraud case has been registered against me regarding a bounced cheque. How do I get pre-arrest bail?,9.07,Criminal
PK-ISB-2025-0629,2022-05-19,High Court,Urdu,,Someone stole my motorcycle from the parking area. What is the procedur to report this theft and get a police report for insurance?,9.81,Criminal
PK-LHR-2022-0924,2022-02-27,District Court,Urdu,Individual,We were assaulted and harassed by some local goons. The police are refusing to register our complaint. Can we file a petition under 22-A/22-B?,9.93,Criminal
PK-ISB-2026-0830,2023-10-04,District Court,English,Individual,There is a dispute over the boundaries of our house with our neighbor. How can we request a legal land demarcation?,-26.95,Property
PK-FSD-2025-0535,2022-10-03,Supreme Court,Urdu,Individual,We were assaulted and harassed by some local goons. The police are refusing to register our complaint. Can we file a petition under 22-A/22-B?,8.56,Criminal
PK-MUX-2025-0974,2024-02-20,District Court,English,Individual,We bought a plot of land in a housing society but the developer is not giving possession or registration (registry/intiqal). What should we do?,,Property
PK-RWP-2022-0014,2025-07-04,District Court,Urdu,Individual,A relative has illegally occupied our ancestral agricultural land in Faisalabad. Can we file a suit for possession and permanent injunction?,4.93,Property
PK-MUX-2022-0759,2024-11-18,District Court,Urdu,Individual,A false fraud case has been registered against me regarding a bounced cheque. How do I get pre-arrest bail?,9.34,Criminal
PK-KHI-2026-0247,2024-03-15,District Court,Urdu,Individual,I need to file an FIR at the police station regarding a theft/robbery that occurred at my house last night in Lahore.,7.72,Criminal
PK-KHI-2026-1013,2022-01-15,District Court,English,NGO,We were assaulted and harassed by some local goons. The police are refusing to register our complaint. Can we file a petition under 22-A/22-B?,7.67,Criminal
PK-FSD-2022-0573,2024-08-16,High Court,English,Individual,Someone stole my motorcycle from the parking area. What is the procedure to report this theft and get a police report for insurance?,8.24,Criminal
PK-KHI-2025-0383,2025-11-28,District Court,Urdu,Individual,We were assaulted and harassed by some local goons. The police are refusing to register our complaint. Can we file a petition under 22-A/22-B?,7.87,Criminal
PK-KHI-2025-0999,2023-02-05,District Court,English,Individual,A false fraud case has been registered against me regarding a bounced cheque. How do I get pre-arrest bail?,9.19,Criminal
PK-KHI-2022-0337,2023-05-16,District Court,English,Individual,My husband has married a second time without my permission or consent from the Arbitration Council. Is this illegl?,5.61,Family
PK-MUX-2024-0339,2022-12-08,District Court,Urdu,Corporate,My sister wants to file for Khula (divorce) from her husband due to cruelty and non-maintenance. What is the procedure in family court?,5.32,Family
PK-MUX-2023-0604,2024-05-04,District Court,English,Government,Can a gift deed (Hiba) of a house to a grandson be challenged in court by other legal heirs?,7.5,Property
PK-RWP-2023-0818,2022-02-12,High Court,Urdu,Individual,I need advice on child custody and guardianship laws in Pakistan. The father is refusing to pay monthly maintenance.,6.1,Family
PK-ISB-2024-0601,2024-09-30,District Court,English,Individual,"Our tenancy agreement has expired, and the landlord is refusing to return our security deposit of two months.",3.89,Tenant
PK-FSD-2024-0744,2026-03-25,Supreme Court,English,Individual,Can a gift deed (Hiba) of a house to a grandson be challenged in court by other legal heirs?,7.62,Property
PK-RWP-2023-0215,2023-11-03,High Court,English,Individual,Can a gift deed (Hiba) of a house to a grandson be challenged in court by other legal heirs?,7.91,Property
PK-FSD-2023-0168,2024-12-29,District Court,Urdu,Individual,A relative has illegally occupied our ancestral agricultural land in Faisalabad. Can we file a suit for possession and permanent injunction?,6.71,Property
PK-KHI-2025-0137,2022-05-18,District Court,English,Individual,What are the legal rights of a woman regarding dower (Mehr) and dowry articles (Saman-e-Harb) after divorce?,5.61,Family
PK-FSD-2024-0901,2023-06-13,District Court,Urdu,Individual,My relative has been arrested by police under Section 302 of PPC. How can we apply for post-arrest bail in the High Court?,8.03,Criminal
PK-RWP-2026-0422,2023-09-19,District Court,Urdu,Individual,We were assaulted and harassed by some local goons. The police are refusing to register our complaint. Can we file a petition under 22-A/22-B?,8.2,Criminal
PK-KHI-2025-0220,2025-11-15,District Court,English,Individual,Someone stole my motorcycle from the parking area. What is the procedure to report this theft and get a police report for insurance?,10.0,Criminal
PK-KHI-2022-0978,2025-10-14,District Court,English,Individual,My husband has married a second time without my permission or consent from the Arbitration Council. Is this illegal?,4.1,Family
PK-KHI-2023-0454,2024-04-25,District Court,Urdu,Individual,My husband has married a second time without my permission or consent from the Arbitration Council. Is this illegal?,5.36,Family
PK-RWP-2023-0519,2024-11-26,District Court,Urdu,Corporate,My husband has married a second time without my permission or consent from the Arbitration Council. Is this illegal?,6.9,Family
PK-MUX-2024-0355,2025-12-14,District Court,English,Corporate,We were assaulted and harassed by some local goons. The police are refusing to register our complaint. Can we file a petition under 22-A/22-B?,,Criminal
PK-KHI-2026-0992,2024-02-21,District Court,English,Individual,We bought a plot of land in a housing society but the developer is not giving possession or registration (registry/intiqal). What should we do?,6.7,Property
PK-MUX-2022-0757,2024-02-04,District Court,English,Corporate,I need advice on child custody and guardianship laws in Pakistan. The father is refusing to pay monthly maintenance.,6.22,Family
PK-KHI-2022-1054,2023-07-08,District Court,English,Individual,I purchased a refrigerator which stopped working within 3 days. The dealer is refusing to honor the warranty. Can I file a claim in Consumer Court?,3.34,Consumer
PK-ISB-2024-0194,2025-12-24,District Court,English,Corporate,Our employer is paying us less than the government-mandated minimum wage in Punjab. Can we report this to the labor inspector?,5.71,Labor
PK-FSD-2023-0401,2026-05-18,High Court,Urdu,Individual,A relative has illegally occupied our ancestral agricultural land in Faisalabad. Can we file a suit for possession and permanent injunction?,6.28,Property
PK-MUX-2026-0665,2024-03-18,District Court,Urdu,Individual,Someone stole my motorcycle from the parking area. What is the procedure to report this theft and get a police report for insurance?,8.63,Criminal
PK-RWP-2023-1065,2026-03-08,District Court,English,Individual,What are the legal rights of a woman regarding dower (Mehr) and dowry articles (Saman-e-Harb) after divorce?,,Family
PK-MUX-2025-1187,2023-10-13,High Court,English,,There is a dispute over the boundaries of our house with our neighbor. How can we request a legal land demarcation?,6.73,Property
PK-KHI-2024-0731,2023-05-04,District Court,Urdu,Individual,Can a gift deed (Hiba) of a house to a grandson be challenged in court by other legal heirs?,5.83,Property
PK-RWP-2022-0791,2024-09-27,District Court,Urdu,Individual,My husband has married a second time without my permission or consent from the Arbitration Council. Is this illegal?,6.25,Family
PK-MUX-2023-1034,2025-12-06,High Court,English,Individual,A false fraud case has been registered against me regarding a bounced cheque. How do I get pre-arrest bail?,7.92,Criminal
PK-FSD-2023-0322,2025-11-11,High Court,Urdu,Individual,We were assaulted and harassed by some local goons. The police are refusing to register our complaint. Can we file a petition under 22-A/22-B?,7.52,Criminal
PK-ISB-2022-0636,2022-08-22,District Court,English,Individual,My husband has married a second time without my permission or consent from the Arbitration Council. Is this illegal?,6.99,Family
PK-MUX-2022-0673,2025-11-01,District Court,Urdu,Individual,We bought a plot of land in a housing society but the developer is not giving possession or registration (registry/intiqal). What should we do?,6.55,Property
PK-FSD-2022-0997,2026-04-10,District Court,Urdu,Individual,I suffered an injury on the job due to lack of safety equipment. Am I entitled to compensation under the Workmen's Compensation Act?,6.27,Labor
PK-RWP-2023-0649,2022-12-17,District Court,Urdu,Individual,The company is refusing to pay maternity leave benefits to a female employee. What legl actions can we take?,6.34,Labor
PK-MUX-2026-0572,2023-06-09,District Court,English,Individual,My sister wants to file for Khula (divorce) from her husband due to cruelty and non-maintenance. What is the procedure in family court?,6.39,Family
PK-LHR-2025-0312,2022-08-29,High Court,English,Corporate,A false fraud case has been registered against me regarding a bounced cheque. How do I get pre-arrest bail?,9.49,Criminal
PK-LHR-2022-0325,2025-11-25,District Court,English,Corporate,A relative has illegally occupied our ancestral agricultural land in Faisalabad. Can we file a suit for possession and permanent injunction?,5.54,Property
PK-KHI-2022-0900,2025-06-12,Supreme Court,English,Individual,What are the legal rights of a woman regarding dower (Mehr) and dowry articles (Saman-e-Harb) after divorce?,6.44,Family
PK-ISB-2025-0612,2023-04-01,High Court,Urdu,Individual,I need to file an FIR at the police station regarding a theft/robbery that occurred at my house last night in Lahore.,8.84,Criminal
PK-FSD-2022-0855,2023-11-15,District Court,Urdu,Individual,The company is refusing to pay maternity leave benefits to a female employee. What legal actions can we take?,,Labor
PK-KHI-2022-0983,2024-01-01,District Court,English,Individual,I need to file an FIR at the police station regarding a theft/robbery that occurred at my house last night in Lahore.,8.44,Criminal
PK-ISB-2025-0432,2022-04-13,District Court,English,Individual,A private hospital charged us excessively and committed medical negligence during a surgery. Where do we complain?,3.68,Consumer
PK-KHI-2026-0955,2023-06-19,District Court,English,Corporate,There is a dispute over the boundaries of our house with our neighbor. How can we request a legal land demarcation?,8.34,Property
PK-LHR-2025-0718,2022-10-24,District Court,Urdu,Individual,What are the legl rights of a woman regarding dower (Mehr) and dowry articles (Saman-e-Harb) after divorce?,5.56,Family
PK-KHI-2023-0259,2026-02-27,District Court,Urdu,Individual,"The landlord is demanding a 30% rent increase, which is higher than the legally allowed limit in the Rent Restriction Act.",5.93,Tenant
PK-MUX-2023-0622,2022-11-29,High Court,English,Individual,I want to know the legal share of daughters in the inheritance of their late father's property under Islamic law.,8.26,Family
PK-LHR-2023-0441,2024-11-01,High Court,Urdu,Corporate,We bought a plot of land in a housing society but the developer is not giving possession or registration (registry/intiqal). What should we do?,6.96,Property
PK-LHR-2024-0795,2024-10-30,High Court,English,Individual,My relative has been arrested by police under Section 302 of PPC. How can we apply for post-arrest bail in the High Court?,9.76,Criminal
PK-FSD-2026-0281,2025-02-10,District Court,English,Individual,A false fraud case has been registered against me regarding a bounced cheque. How do I get pre-arrest bail?,9.29,Criminal
PK-ISB-2024-0407,2024-05-17,High Court,Urdu,Individual,A relative has illegally occupied our ancestral agricultural land in Faisalabad. Can we file a suit for possession and permanent injunction?,6.83,Property
PK-ISB-2024-0442,2022-04-14,District Court,English,Individual,My relative has been arrested by police under Section 302 of PPC. How can we apply for post-arrest bail in the High Court?,6.02,Criminal
PK-MUX-2022-0634,2026-02-19,High Court,Urdu,Government,Someone stole my motorcycle from the parking area. What is the procedur to report this theft and get a police report for insurance?,7.29,Criminal
PK-KHI-2025-1107,2026-04-05,District Court,English,Individual,We were assaulted and harassed by some local goons. The police are refusing to register our complaint. Can we file a petition under 22-A/22-B?,7.24,Criminal
PK-LHR-2026-0899,2022-12-11,District Court,English,Individual,My relative has been arrested by police under Section 302 of PPC. How can we apply for post-arrest bail in the High Court?,7.52,Criminal
PK-KHI-2022-0459,2025-11-15,High Court,English,Individual,How do I verify the registry and fard of a commercial property before purchasing it to avoid scams?,83.4,Property
PK-MUX-2024-0092,2025-03-26,District Court,Urdu,Individual,Someone stole my motorcycle from the parking area. What is the procedure to report this theft and get a police report for insurance?,7.66,Criminal
PK-LHR-2026-0574,2023-06-29,District Court,Urdu,Corporate,We bought a plot of land in a housing society but the developer is not giving possession or registration (registry/intiqal). What should we do?,8.0,Property
PK-LHR-2026-0977,2026-02-27,District Court,English,Individual,We were assaulted and harassed by some local goons. The police are refusing to register our complaint. Can we file a petition under 22-A/22-B?,5.59,Criminal
PK-FSD-2022-0167,2024-04-21,District Court,Urdu,NGO,A false fraud case has been registered against me regarding a bounced cheque. How do I get pre-arrest bail?,10.0,Criminal
PK-FSD-2026-0503,2025-04-24,District Court,English,Individual,We bought a plot of land in a housing society but the developer is not giving possession or registration (registry/intiqal). What should we do?,7.68,Property
PK-MUX-2023-0686,2023-10-04,District Court,Urdu,Corporate,My sister wants to file for Khula (divorce) from her husband due to cruelty and non-maintenance. What is the procedure in family court?,5.71,Family
PK-LHR-2026-0475,2023-04-12,High Court,English,Individual,Someone stole my motorcycle from the parking area. What is the procedure to report this theft and get a police report for insurance?,8.2,Criminal
PK-KHI-2026-0931,2022-09-16,District Court,English,Individual,A false fraud case has been registered against me regarding a bounced cheque. How do I get pre-arrest bail?,10.0,Criminal
PK-LHR-2026-0557,2024-08-20,District Court,Urdu,Individual,There is a dispute over the boundaries of our house with our neighbor. How can we request a legal land demarcation?,6.48,Property
PK-MUX-2023-0658,2022-12-21,District Court,English,NGO,A false fraud case has been registered against me regarding a bounced cheque. How do I get pre-arrest bail?,8.74,Criminal
PK-KHI-2022-0562,2022-03-28,District Court,Urdu,Individual,I need advice on child custody and guardianship laws in Pakistan. The father is refusing to pay monthly maintenance.,7.05,Family
PK-KHI-2023-0609,2022-02-23,High Court,Urdu,Individual,A false fraud case has been registered against me regarding a bounced cheque. How do I get pre-arrest bail?,,Criminal
PK-FSD-2025-0197,2024-12-12,District Court,English,Individual,My relative has been arrested by police under Section 302 of PPC. How can we apply for post-arrest bail in the High Court?,8.68,Criminal
PK-MUX-2025-0750,2026-02-27,Supreme Court,Urdu,Individual,Someone stole my motorcycle from the parking area. What is the procedure to report this theft and get a police report for insurance?,-36.95,Criminal
PK-FSD-2026-0017,2022-12-05,District Court,Urdu,Individual,My relative has been arrested by police under Section 302 of PPC. How can we apply for post-arrest bail in the High Court?,8.88,Criminal
PK-FSD-2022-1192,2024-02-05,High Court,English,Individual,I purchased a refrigerator which stopped working within 3 days. The dealer is refusing to honor the warranty. Can I file a claim in Consumer Court?,3.28,Consumer
PK-RWP-2023-0481,2022-11-26,District Court,Urdu,Individual,We bought a plot of land in a housing society but the developer is not giving possession or registration (registry/intiqal). What should we do?,5.85,Property
PK-LHR-2022-0575,2026-01-25,District Court,English,Individual,An online store delivered a damaged mobile phone and is refusing a refund or replacement. How do I send them a legal notice?,1.35,Consumer
PK-RWP-2024-0471,2024-11-19,High Court,English,Individual,My relative has been arrested by police under Section 302 of PPC. How can we apply for post-arrest bail in the High Court?,5.74,Criminal
PK-LHR-2025-0763,2024-08-01,High Court,English,Individual,We bought a plot of land in a housing society but the developer is not giving possession or registration (registry/intiqal). What should we do?,6.88,Property
PK-MUX-2024-0781,2022-11-09,District Court,Urdu,Individual,My husband has married a second time without my permission or consent from the Arbitration Council. Is this illegal?,4.4,Family
PK-LHR-2022-0135,2025-09-02,District Court,Urdu,Individual,A relative has illegally occupied our ancestral agricultural land in Faisalabad. Can we file a suit for possession and permanent injunction?,8.86,Property
PK-MUX-2023-0635,2022-01-24,District Court,Urdu,Individual,I need to file an FIR at the police station regarding a theft/robbery that occurred at my house last night in Lahore.,6.51,Criminal
PK-MUX-2026-0460,2023-04-05,High Court,English,Individual,We were assaulted and harassed by some local goons. The police are refusing to register our complaint. Can we file a petition under 22-A/22-B?,10.0,Criminal
PK-FSD-2024-1100,2025-07-06,District Court,English,Corporate,A relative has illegally occupied our ancestral agricultural land in Faisalabad. Can we file a suit for possession and permanent injunction?,8.2,Property
PK-LHR-2025-0552,2025-07-04,District Court,Urdu,Corporate,We were assaulted and harassed by some local goons. The police are refusing to register our complaint. Can we file a petition under 22-A/22-B?,9.9,Criminal
PK-FSD-2023-1089,2024-12-28,High Court,English,Individual,A false fraud case has been registered against me regarding a bounced cheque. How do I get pre-arrest bail?,8.26,Criminal
PK-LHR-2025-1173,2024-01-11,High Court,English,Individual,I need to file an FIR at the police station regarding a theft/robbery that occurred at my house last night in Lahore.,8.42,Criminal
PK-LHR-2023-0008,2022-03-07,High Court,English,Individual,A false fraud case has been registered against me regarding a bounced cheque. How do I get pre-arrest bail?,7.94,Criminal
PK-ISB-2026-0077,2024-01-26,District Court,English,Individual,Can a gift deed (Hiba) of a house to a grandson be challenged in court by other legal heirs?,6.64,Property
PK-FSD-2023-0058,2025-12-17,District Court,English,Individual,Someone stole my motorcycle from the parking area. What is the procedure to report this theft and get a police report for insurance?,,Criminal
PK-KHI-2024-0959,2026-02-20,District Court,Urdu,Corporate,We were assaulted and harassed by some local goons. The police are refusing to register our complaint. Can we file a petition under 22-A/22-B?,9.04,Criminal
PK-KHI-2023-0762,2025-02-18,District Court,Urdu,Individual,A false fraud case has been registered against me regarding a bounced cheque. How do I get pre-arrest bail?,10.0,Criminal
PK-FSD-2025-0884,2022-06-17,District Court,English,Individual,My relative has been arrested by police under Section 302 of PPC. How can we apply for post-arrest bail in the High Court?,9.32,Criminal
PK-FSD-2022-0424,2023-04-13,District Court,Urdu,Individual,I need to file an FIR at the police station regarding a theft/robbery that occurred at my house last night in Lahore.,9.27,Criminal
PK-RWP-2022-0480,2023-09-17,District Court,Urdu,Individual,I need advice on child custody and guardianship laws in Pakistan. The father is refusing to pay monthly maintenance.,5.85,Family
PK-FSD-2024-0496,2023-12-08,District Court,English,Individual,A false fraud case has been registered against me regarding a bounced cheque. How do I get pre-arrest bail?,7.26,Criminal
PK-RWP-2025-1196,2025-07-28,District Court,English,Individual,Is it legal for a private company to hold an employee's original academic degrees as security?,5.48,Labor
PK-MUX-2026-0412,2023-01-24,District Court,Urdu,Individual,Someone stole my motorcycle from the parking area. What is the procedure to report this theft and get a police report for insurance?,6.66,Criminal
PK-ISB-2026-0088,2025-09-16,High Court,English,Individual,My relative has been arrested by police under Section 302 of PPC. How can we apply for post-arrest bail in the High Court?,7.86,Criminal
PK-MUX-2023-0998,2023-06-11,District Court,English,Individual,A false fraud case has been registered against me regarding a bounced cheque. How do I get pre-arrest bail?,7.81,Criminal
PK-KHI-2024-0819,2025-12-07,High Court,English,Individual,The airline lost my luggage during a domestic flight and is offering very low compensation. Can I sue them in consumer court?,5.28,Consumer
PK-LHR-2024-0323,2025-09-22,High Court,English,Individual,What are the legal rights of a woman regarding dower (Mehr) and dowry articles (Saman-e-Harb) after divorce?,,Family
PK-LHR-2025-0766,2025-11-15,High Court,English,Individual,Someone stole my motorcycle from the parking area. What is the procedure to report this theft and get a police report for insurance?,8.46,Criminal
PK-LHR-2022-0321,2025-07-06,High Court,English,Individual,A relative has illegally occupied our ancestral agricultural land in Faisalabad. Can we file a suit for possession and permanent injunction?,,Property
PK-ISB-2024-0060,2026-03-24,District Court,Urdu,Corporate,A false fraud case has been registered against me regarding a bounced cheque. How do I get pre-arrest bail?,7.92,Criminal
PK-RWP-2025-0926,2026-04-14,District Court,English,Individual,We bought a plot of land in a housing society but the developer is not giving possession or registration (registry/intiqal). What should we do?,6.33,Property
PK-LHR-2024-0836,2022-11-11,District Court,English,Individual,I want to know the legal share of daughters in the inheritance of their late father's property under Islamic law.,7.86,Family
PK-LHR-2025-0979,2025-11-14,District Court,English,Individual,There is a dispute over the boundaries of our house with our neighbor. How can we request a legal land demarcation?,7.91,Property
PK-FSD-2022-0296,2023-08-29,District Court,Urdu,Individual,An online store delivered a damaged mobile phone and is refusing a refund or replacement. How do I send them a legal notice?,5.08,Consumer
PK-MUX-2022-0271,2025-08-31,Supreme Court,Urdu,Individual,Someone stole my motorcycle from the parking area. What is the procedure to report this theft and get a police report for insurance?,6.78,Criminal
PK-RWP-2023-0046,2024-01-16,District Court,Urdu,NGO,A false fraud case has been registered against me regarding a bounced cheque. How do I get pre-arrest bail?,-39.75,Criminal
PK-MUX-2025-1110,2025-11-07,High Court,Urdu,Individual,My relative has been arrested by police under Section 302 of PPC. How can we apply for post-arrest bail in the High Court?,8.27,Criminal
PK-KHI-2022-1133,2023-11-10,District Court,Urdu,Individual,A relative has illeglly occupied our ancestral agricultural land in Faisalabad. Can we file a suit for possession and permanent injunction?,7.54,Property
PK-ISB-2022-0360,2022-03-29,High Court,English,NGO,The company is refusing to pay maternity leave benefits to a female employee. What legal actions can we take?,6.12,Labor
PK-RWP-2022-0016,2022-06-25,High Court,Urdu,Government,A false fraud case has been registered against me regarding a bounced cheque. How do I get pre-arrest bail?,7.28,Criminal
PK-KHI-2026-0493,2024-01-10,District Court,Urdu,Corporate,I need to file an FIR at the police station regarding a theft/robbery that occurred at my house last night in Lahore.,7.47,Criminal
PK-KHI-2022-0815,2024-03-31,District Court,English,Individual,We bought a plot of land in a housing society but the developer is not giving possession or registration (registry/intiqal). What should we do?,5.22,Property
PK-FSD-2023-0193,2022-09-09,District Court,English,Individual,"The rented house needs urgent structural repairs, but the landlord refuses to pay for maintenance. Can I deduct it from the rent?",3.51,Tenant
PK-ISB-2025-1191,2022-06-13,District Court,English,Individual,Someone stole my motorcycle from the parking area. What is the procedure to report this theft and get a police report for insurance?,6.9,Criminal
PK-RWP-2022-0867,2025-02-25,District Court,English,Individual,A relative has illegally occupied our ancestral agricultural land in Faisalabad. Can we file a suit for possession and permanent injunction?,7.4,Property
PK-FSD-2023-0806,2022-10-23,District Court,English,Individual,There is a dispute over the boundaries of our house with our neighbor. How can we request a legal land demarcation?,7.27,Property
PK-FSD-2025-0539,2022-06-10,District Court,English,Individual,A relative has illegally occupied our ancestral agricultural land in Faisalabad. Can we file a suit for possession and permanent injunction?,6.31,Property
PK-FSD-2025-0438,2022-04-05,District Court,Urdu,Individual,My husband has married a second time without my permission or consent from the Arbitration Council. Is this illegal?,3.96,Family
PK-RWP-2024-0140,2022-08-24,High Court,English,Corporate,A false fraud case has been registered against me regarding a bounced cheque. How do I get pre-arrest bail?,8.77,Criminal
PK-ISB-2024-0889,2023-08-26,District Court,Urdu,Individual,My husband has married a second time without my permission or consent from the Arbitration Council. Is this illegal?,7.33,Family
PK-RWP-2022-0467,2024-10-31,District Court,English,Individual,"Our tenancy agreement has expired, and the landlord is refusing to return our security deposit of two months.",5.91,Tenant
PK-LHR-2022-1038,2024-11-21,District Court,English,NGO,Someone stole my motorcycle from the parking area. What is the procedure to report this theft and get a police report for insurance?,8.77,Criminal
PK-ISB-2024-1111,2022-06-06,District Court,English,NGO,I need to file an FIR at the police station regarding a theft/robbery that occurred at my house last night in Lahore.,8.76,Criminal
PK-ISB-2023-0265,2022-10-14,High Court,English,Corporate,Can a gift deed (Hiba) of a house to a grandson be challenged in court by other legal heirs?,5.5,Property
PK-FSD-2022-0262,2025-02-26,High Court,Urdu,Individual,My husband has married a second time without my permission or consent from the Arbitration Council. Is this illegal?,2.11,Family
PK-FSD-2023-1016,2022-02-22,District Court,Urdu,Individual,Our employer is paying us less than the government-mandated minimum wage in Punjab. Can we report this to the labor inspector?,4.72,Labor
PK-ISB-2025-0755,2023-01-03,District Court,Urdu,Individual,We bought a plot of land in a housing society but the developer is not giving possession or registration (registry/intiqal). What should we do?,10.0,Property
PK-LHR-2022-0003,2024-02-18,District Court,Urdu,Individual,We bought a plot of land in a housing society but the developer is not giving possession or registration (registry/intiqal). What should we do?,8.83,Property
PK-LHR-2023-0473,2025-01-06,High Court,Urdu,Individual,I want to know the legal share of daughters in the inheritance of their late father's property under Islamic law.,7.64,Family
PK-MUX-2022-0661,2026-03-31,District Court,English,Individual,"The rented house needs urgent structural repairs, but the landlord refuses to pay for maintenance. Can I deduct it from the rent?",4.34,Tenant
PK-ISB-2026-0139,2023-10-02,District Court,English,Individual,There is a dispute over the boundaries of our house with our neighbor. How can we request a legal land demarcation?,5.52,Property
PK-RWP-2022-1091,2022-12-08,District Court,Urdu,Individual,My sister wants to file for Khula (divorce) from her husband due to cruelty and non-maintenance. What is the procedure in family court?,5.96,Family
PK-LHR-2022-0515,2023-06-23,District Court,English,Individual,There is a dispute over the boundaries of our house with our neighbor. How can we request a legal land demarcation?,7.91,Property
PK-MUX-2026-0342,2022-01-06,District Court,Urdu,Individual,Someone stole my motorcycle from the parking area. What is the procedure to report this theft and get a police report for insurance?,,Criminal
PK-FSD-2022-1080,2025-12-06,High Court,Urdu,Individual,My husband has married a second time without my permission or consent from the Arbitration Council. Is this illegal?,5.58,Family
PK-KHI-2024-0940,2022-12-23,District Court,English,Individual,A false fraud case has been registered against me regarding a bounced cheque. How do I get pre-arrest bail?,6.96,Criminal
PK-KHI-2024-0051,2023-04-06,High Court,English,Individual,"The rented house needs urgent structural repairs, but the landlord refuses to pay for maintenance. Can I deduct it from the rent?",4.54,Tenant
PK-RWP-2024-0530,2024-03-17,High Court,Urdu,Individual,My sister wants to file for Khula (divorce) from her husband due to cruelty and non-maintenance. What is the procedure in family court?,6.77,Family
PK-ISB-2025-0434,2025-06-27,District Court,Urdu,Individual,We were assaulted and harassed by some local goons. The police are refusing to register our complaint. Can we file a petition under 22-A/22-B?,10.0,Criminal
PK-FSD-2024-0537,2023-06-17,District Court,English,NGO,How do I verify the registry and fard of a commercial property before purchasing it to avoid scams?,6.54,Property
PK-FSD-2025-0695,2024-06-12,District Court,Urdu,Corporate,My sister wants to file for Khula (divorce) from her husband due to cruelty and non-maintenance. What is the procedure in family court?,5.63,Family
PK-ISB-2023-0555,2026-01-04,District Court,English,Individual,I need to file an FIR at the police station regarding a theft/robbery that occurred at my house last night in Lahore.,8.01,Criminal
PK-MUX-2024-1153,2022-01-30,District Court,English,Individual,We were assaulted and harassed by some local goons. The police are refusing to register our complaint. Can we file a petition under 22-A/22-B?,6.91,Criminal
PK-RWP-2022-0950,2022-10-03,High Court,English,Individual,I need advice on child custody and guardianship laws in Pakistan. The father is refusing to pay monthly maintenance.,,Family
PK-LHR-2022-0359,2022-05-13,District Court,Urdu,Corporate,I need to file an FIR at the police station regarding a theft/robbery that occurred at my house last night in Lahore.,7.51,Criminal
PK-KHI-2023-0255,2023-09-08,High Court,English,Individual,My sister wants to file for Khula (divorce) from her husband due to cruelty and non-maintenance. What is the procedure in family court?,5.42,Family
PK-LHR-2025-0390,2026-01-02,District Court,English,Individual,My husband has married a second time without my permission or consent from the Arbitration Council. Is this illegal?,,Family
PK-FSD-2025-0720,2024-05-06,District Court,English,Corporate,A false fraud case has been registered against me regarding a bounced cheque. How do I get pre-arrest bail?,8.87,Criminal
PK-KHI-2024-0371,2026-01-08,District Court,Urdu,Corporate,We bought a plot of land in a housing society but the developer is not giving possession or registration (registry/intiqal). What should we do?,7.6,Property
PK-MUX-2023-0158,2023-10-21,District Court,English,NGO,The company is refusing to pay maternity leave benefits to a female employee. What legl actions can we take?,4.07,Labor
PK-KHI-2022-0411,2025-09-04,District Court,English,Corporate,Someone stole my motorcycle from the parking area. What is the procedure to report this theft and get a police report for insurance?,,Criminal
PK-ISB-2022-1003,2025-11-29,District Court,English,Individual,My relative has been arrested by police under Section 302 of PPC. How can we apply for post-arrest bail in the High Court?,7.72,Criminal
PK-FSD-2025-0484,2023-11-04,District Court,English,Individual,A false fraud case has been registered against me regarding a bounced cheque. How do I get pre-arrest bail?,7.59,Criminal
PK-ISB-2026-0146,2024-09-23,District Court,English,Individual,My husband has married a second time without my permission or consent from the Arbitration Council. Is this illegl?,4.52,Family
PK-RWP-2026-0826,2025-12-24,High Court,English,Individual,My husband has married a second time without my permission or consent from the Arbitration Council. Is this illegal?,7.9,Family
PK-FSD-2022-0843,2022-03-24,District Court,Urdu,Individual,I need advice on child custody and guardianship laws in Pakistan. The father is refusing to pay monthly maintenance.,6.46,Family
PK-RWP-2026-0576,2024-04-30,High Court,Urdu,Individual,"The rented house needs urgent structural repairs, but the landlord refuses to pay for maintenance. Can I deduct it from the rent?",5.28,Tenant
PK-RWP-2022-0837,2023-11-06,Supreme Court,Urdu,,"Our tenancy agreement has expired, and the landlord is refusing to return our security deposit of two months.",3.8,Tenant
PK-KHI-2022-1054,2023-07-08,District Court,English,Individual,I purchased a refrigerator which stopped working within 3 days. The dealer is refusing to honor the warranty. Can I file a claim in Consumer Court?,3.34,Consumer
PK-RWP-2026-0588,2022-07-04,District Court,English,Individual,A relative has illegally occupied our ancestral agricultural land in Faisalabad. Can we file a suit for possession and permanent injunction?,8.0,Property
PK-MUX-2022-0290,2024-04-17,District Court,English,Individual,We were assaulted and harassed by some local goons. The police are refusing to register our complaint. Can we file a petition under 22-A/22-B?,8.25,Criminal
PK-FSD-2023-0862,2022-12-21,District Court,Urdu,Individual,Someone stole my motorcycle from the parking area. What is the procedure to report this theft and get a police report for insurance?,10.0,Criminal
PK-LHR-2025-0213,2024-02-04,High Court,English,NGO,My relative has been arrested by police under Section 302 of PPC. How can we apply for post-arrest bail in the High Court?,9.28,Criminal
PK-KHI-2025-0380,2022-05-31,High Court,English,Individual,How do I verify the registry and fard of a commercial property before purchasing it to avoid scams?,,Property
PK-KHI-2025-0099,2026-01-07,District Court,Urdu,Individual,Someone stole my motorcycle from the parking area. What is the procedure to report this theft and get a police report for insurance?,8.22,Criminal
PK-RWP-2023-1159,2025-01-16,District Court,English,Individual,Someone stole my motorcycle from the parking area. What is the procedure to report this theft and get a police report for insurance?,8.11,Criminal
PK-RWP-2025-0504,2022-11-03,District Court,English,Corporate,Is it legl for a private company to hold an employee's original academic degrees as security?,4.72,Labor
PK-ISB-2026-0596,2024-09-16,District Court,Urdu,Individual,My sister wants to file for Khula (divorce) from her husband due to cruelty and non-maintenance. What is the procedure in family court?,,Family
PK-KHI-2022-0039,2023-12-26,High Court,Urdu,Individual,A false fraud case has been registered against me regarding a bounced cheque. How do I get pre-arrest bail?,8.74,Criminal
PK-FSD-2024-0340,2024-12-08,District Court,Urdu,Individual,I need to file an FIR at the police station regarding a theft/robbery that occurred at my house last night in Lahore.,7.51,Criminal
PK-ISB-2022-0002,2026-04-04,High Court,Urdu,Individual,I need advice on child custody and guardianship laws in Pakistan. The father is refusing to pay monthly maintenance.,6.78,Family
PK-RWP-2022-0451,2025-02-07,High Court,Urdu,Individual,My husband has married a second time without my permission or consent from the Arbitration Council. Is this illegal?,7.15,Family
PK-MUX-2023-1092,2026-02-25,High Court,English,Individual,A false fraud case has been registered against me regarding a bounced cheque. How do I get pre-arrest bail?,9.37,Criminal
PK-FSD-2024-0608,2024-06-26,High Court,Urdu,Individual,What are the legal rights of a woman regarding dower (Mehr) and dowry articles (Saman-e-Harb) after divorce?,3.87,Family
PK-FSD-2025-0420,2024-09-04,District Court,English,Individual,How do I verify the registry and fard of a commercial property before purchasing it to avoid scams?,9.47,Property
PK-RWP-2025-0846,2024-04-25,District Court,Urdu,Individual,What are the legal rights of a woman regarding dower (Mehr) and dowry articles (Saman-e-Harb) after divorce?,6.35,Family
PK-FSD-2026-0111,2025-10-31,District Court,Urdu,Individual,Someone stole my motorcycle from the parking area. What is the procedure to report this theft and get a police report for insurance?,8.47,Criminal
PK-FSD-2024-0224,2024-09-09,District Court,Urdu,Individual,How do I verify the registry and fard of a commercial property before purchasing it to avoid scams?,6.43,Property
PK-FSD-2023-0942,2024-01-28,High Court,Urdu,NGO,A false fraud case has been registered against me regarding a bounced cheque. How do I get pre-arrest bail?,9.28,Criminal
PK-ISB-2023-0073,2022-06-27,District Court,English,Individual,My husband has married a second time without my permission or consent from the Arbitration Council. Is this illegal?,7.88,Family
PK-MUX-2024-0047,2024-11-04,District Court,English,Individual,I suffered an injury on the job due to lack of safety equipment. Am I entitled to compensation under the Workmen's Compensation Act?,6.77,Labor
PK-MUX-2025-0638,2025-01-04,High Court,English,Corporate,My sister wants to file for Khula (divorce) from her husband due to cruelty and non-maintenance. What is the procedure in family court?,4.45,Family
PK-ISB-2025-0113,2025-11-14,District Court,Urdu,Individual,"I ordered custom furniture, but it was delivered with poor quality wood and wrong dimensions. Can I claim damages?",6.96,Consumer
PK-FSD-2022-0096,2023-01-20,District Court,Urdu,Individual,I want to know the legal share of daughters in the inheritance of their late father's property under Islamic law.,6.36,Family
PK-RWP-2023-1147,2024-08-20,District Court,English,Individual,My husband has married a second time without my permission or consent from the Arbitration Council. Is this illegal?,4.27,Family
PK-KHI-2022-0106,2024-08-19,High Court,English,Individual,There is a dispute over the boundaries of our house with our neighbor. How can we request a legal land demarcation?,9.26,Property
PK-LHR-2022-1041,2024-09-28,District Court,Urdu,Individual,A false fraud case has been registered against me regarding a bounced cheque. How do I get pre-arrest bail?,7.95,Criminal
PK-KHI-2022-1122,2022-10-28,District Court,English,Individual,Is it legal for a private company to hold an employee's original academic degrees as security?,6.27,Labor
